<dipshit>    <wannabe>        <item>            <title>[COLOR=white]A Bug's Life[/COLOR]</title>            <meta>                <imdb>tt0120623</imdb>                <content>movie</content>                <title>A Bug's Life</title>                <year>1998</year>            </meta>            <link>                <sublink>searchhd</sublink>                <sublink>searchsd</sublink>            </link>            <thumbnail>https://image.tmdb.org/t/p/w1280/u9qGMRwcPwP0WETxulS5hKUsEum.jpg</thumbnail>            <fanart>https://image.tmdb.org/t/p/w1280/bHMHpXNjeKRxcjWcpbIAD5f0aIK.jpg</fanart>        </item>        <item>            <title>[COLOR=white]Brave[/COLOR]</title>            <meta>                <imdb>tt1217209</imdb>                <content>movie</content>                <title>Brave</title>                <year>2012</year>            </meta>            <link>                <sublink>searchhd</sublink>                <sublink>searchsd</sublink>            </link>            <thumbnail>https://image.tmdb.org/t/p/w1280/qhABv2d4NZLhsOOA4iBFM4rfuJC.jpg</thumbnail>            <fanart>https://image.tmdb.org/t/p/w1280/sfRCA9g3CunpnZO3QurHSIRcsUq.jpg</fanart>        </item>        <item>            <title>[COLOR=white]Cars[/COLOR]</title>            <meta>                <imdb>tt0317219</imdb>                <content>movie</content>                <title>Cars</title>                <year>2006</year>            </meta>            <link>                <sublink>searchhd</sublink>                <sublink>searchsd</sublink>            </link>            <thumbnail>https://image.tmdb.org/t/p/w1280/5damnMcRFKSjhCirgX3CMa88MBj.jpg</thumbnail>            <fanart>https://image.tmdb.org/t/p/w1280/a1MlbLBk5Sy6YvMbSuKfwGlDVlb.jpg</fanart>        </item>        <item>            <title>[COLOR=white]Cars 2[/COLOR]</title>            <meta>                <imdb>tt1216475</imdb>                <content>movie</content>                <title>Cars 2</title>                <year>2011</year>            </meta>            <link>                <sublink>searchhd</sublink>                <sublink>searchsd</sublink>            </link>            <thumbnail>https://image.tmdb.org/t/p/w1280/AblhtULOVtrkSnFxRPQ8gBemxw9.jpg</thumbnail>            <fanart>https://image.tmdb.org/t/p/w1280/jEcmZhtJkZQc6ta2vzBd9CU7GIx.jpg</fanart>        </item>        <item>            <title>[COLOR=white]Finding Nemo[/COLOR]</title>            <meta>                <imdb>tt0266543</imdb>                <content>movie</content>                <title>Finding Nemo</title>                <year>2003</year>            </meta>            <link>                <sublink>searchhd</sublink>                <sublink>searchsd</sublink>            </link>            <thumbnail>https://image.tmdb.org/t/p/w1280/syPWyeeqzTQIxjIUaIFI7d0TyEY.jpg</thumbnail>            <fanart>https://image.tmdb.org/t/p/w1280/n2vIGWw4ezslXjlP0VNxkp9wqwU.jpg</fanart>        </item>        <item>            <title>[COLOR=white]Monsters University[/COLOR]</title>            <meta>                <imdb>tt1453405</imdb>                <content>movie</content>                <title>Monsters University</title>                <year>2013</year>            </meta>            <link>                <sublink>searchhd</sublink>                <sublink>searchsd</sublink>            </link>            <thumbnail>https://image.tmdb.org/t/p/w1280/a05xQU9huY3P5uurLcGGHmsf2Vh.jpg</thumbnail>            <fanart>https://image.tmdb.org/t/p/w1280/5mDCKKS7M8aUZKdShnCa7lLbzmH.jpg</fanart>        </item>        <item>            <title>[COLOR=white]Monsters, Inc.[/COLOR]</title>            <meta>                <imdb>tt0198781</imdb>                <content>movie</content>                <title>Monsters, Inc.</title>                <year>2001</year>            </meta>            <link>                <sublink>searchhd</sublink>                <sublink>searchsd</sublink>            </link>            <thumbnail>https://image.tmdb.org/t/p/w1280/93Y9BGx8blzmZOPSoivkFfaifqU.jpg</thumbnail>            <fanart>https://image.tmdb.org/t/p/w1280/eKBUYeSgGVvztO2MZxD5YMcz6kv.jpg</fanart>        </item>        <item>            <title>[COLOR=white]Ratatouille[/COLOR]</title>            <meta>                <imdb>tt0382932</imdb>                <content>movie</content>                <title>Ratatouille</title>                <year>2007</year>            </meta>            <link>                <sublink>searchhd</sublink>                <sublink>searchsd</sublink>            </link>            <thumbnail>https://image.tmdb.org/t/p/w1280/jEiEU8viSb8CIIHcfprVr2V6XDz.jpg</thumbnail>            <fanart>https://image.tmdb.org/t/p/w1280/mZlf2J8qAuKr4lV0LP0FaFiyWl.jpg</fanart>        </item>        <item>            <title>[COLOR=white]The Incredibles[/COLOR]</title>            <meta>                <imdb>tt0317705</imdb>                <content>movie</content>                <title>The Incredibles</title>                <year>2004</year>            </meta>            <link>                <sublink>searchhd</sublink>                <sublink>searchsd</sublink>            </link>            <thumbnail>https://image.tmdb.org/t/p/w1280/huGDgQRB24IzkJLNqe5zq1pdvEE.jpg</thumbnail>            <fanart>https://image.tmdb.org/t/p/w1280/iGknrkEyebPFmpQoLGy5L0utVxz.jpg</fanart>        </item>        <item>            <title>[COLOR=white]Toy Story[/COLOR]</title>            <meta>                <imdb>tt0114709</imdb>                <content>movie</content>                <title>Toy Story</title>                <year>1995</year>            </meta>            <link>                <sublink>searchhd</sublink>                <sublink>searchsd</sublink>            </link>            <thumbnail>https://image.tmdb.org/t/p/w1280/rhIRbceoE9lR4veEXuwCC2wARtG.jpg</thumbnail>            <fanart>https://image.tmdb.org/t/p/w1280/dji4Fm0gCDVb9DQQMRvAI8YNnTz.jpg</fanart>        </item>        <item>            <title>[COLOR=white]Toy Story 2[/COLOR]</title>            <meta>                <imdb>tt0120363</imdb>                <content>movie</content>                <title>Toy Story 2</title>                <year>1999</year>            </meta>            <link>                <sublink>searchhd</sublink>                <sublink>searchsd</sublink>            </link>            <thumbnail>https://image.tmdb.org/t/p/w1280/3CmK3XurcLeUyMifCR28ibzupbB.jpg</thumbnail>            <fanart>https://image.tmdb.org/t/p/w1280/9Kjxr4VCU0Y4DAuXkzR2moAy7DK.jpg</fanart>        </item>        <item>            <title>[COLOR=white]Toy Story 3[/COLOR]</title>            <meta>                <imdb>tt0435761</imdb>                <content>movie</content>                <title>Toy Story 3</title>                <year>2010</year>            </meta>            <link>                <sublink>searchhd</sublink>                <sublink>searchsd</sublink>            </link>            <thumbnail>https://image.tmdb.org/t/p/w1280/mMltbSxwEdNE4Cv8QYLpzkHWTDo.jpg</thumbnail>            <fanart>https://image.tmdb.org/t/p/w1280/y2qAjM37QgatWeG84DDtwsZuMW.jpg</fanart>        </item>        <item>            <title>[COLOR=white]Up[/COLOR]</title>            <meta>                <imdb>tt1049413</imdb>                <content>movie</content>                <title>Up</title>                <year>2009</year>            </meta>            <link>                <sublink>searchhd</sublink>                <sublink>searchsd</sublink>            </link>            <thumbnail>https://image.tmdb.org/t/p/w1280/nk11pvocdb5zbFhX5oq5YiLPYMo.jpg</thumbnail>            <fanart>https://image.tmdb.org/t/p/w1280/6fX7NF6IUJCTVssei7Shgl9J6LL.jpg</fanart>        </item>        <item>            <title>[COLOR=white]WALL*E[/COLOR]</title>            <meta>                <imdb>tt0910970</imdb>                <content>movie</content>                <title>WALL*E</title>                <year>2008</year>            </meta>            <link>                <sublink>searchhd</sublink>                <sublink>searchsd</sublink>            </link>            <thumbnail>https://image.tmdb.org/t/p/w1280/9cJETuLMc6R0bTWRA5i7ctY9bxk.jpg</thumbnail>            <fanart>https://image.tmdb.org/t/p/w1280/2nFyTvssbtJMLC6eyYwwZ88gALD.jpg</fanart>        </item>		<item>			<title>White Fang</title>			<meta>				<imdb>tt5222768</imdb>				<content>movie</content>				<title>White Fang</title>				<year>2018</year>			</meta>			<link>				<sublink>https://rapidgator.net/file/e06282f905143291ef01ef12318c1f44/White.Fang.2018.1080p.HDRip.AC3-EVO.mkv.html (1080P Real Debrid)</sublink>				<sublink>http://uploaded.net/file/h0bqmr9s/White.Fang.2018.1080p.HDRip.AC3-EVO.mkv (1080P)</sublink>                <sublink>searchsd</sublink>			</link>			<thumbnail>https://image.tmdb.org/t/p/w1280//xCz1abf6zZvFWSWK3AOblJgQ334.jpg</thumbnail>			<fanart>https://image.tmdb.org/t/p/w1280//RhNgqTnK0HrQnu9F3mVdRMRcBY.jpg</fanart>		</item>    </wannabe></dipshit>