<dipshit>    <wannabe>        <item>            <title>[COLOR red]Antz[/COLOR]</title>            <meta>                <imdb>tt0120587</imdb>                <content>movie</content>                <title>Antz</title>                <year>1998</year>            </meta>            <link>                <sublink>search</sublink>                <sublink>searchsd</sublink>            </link>            <thumbnail>https://image.tmdb.org/t/p/w1280/3biVcPu5hrfKUMC73sTFq17dmmS.jpg</thumbnail>            <fanart>https://image.tmdb.org/t/p/w1280/kMfLkbVTsALj5eIu72jtwzDhVsV.jpg</fanart>        </item>        <item>            <title>[COLOR orange]Bee Movie[/COLOR]</title>            <meta>                <imdb>tt0389790</imdb>                <content>movie</content>                <title>Bee Movie</title>                <year>2007</year>            </meta>            <link>                <sublink>search</sublink>                <sublink>searchsd</sublink>            </link>            <thumbnail>https://image.tmdb.org/t/p/w1280/QhbOzpYfBOwrRiuTu9otPk919R.jpg</thumbnail>            <fanart>https://image.tmdb.org/t/p/w1280/eKXTOIqSFrfN8WTTxrzHMBNiUpB.jpg</fanart>        </item>        <item>            <title>[COLOR red]Captain Underpants: The First Epic Movie[/COLOR]</title>            <meta>                <imdb>tt2091256</imdb>                <content>movie</content>                <title>Captain Underpants: The First Epic Movie</title>                <year>2017</year>            </meta>            <link>                <sublink>search</sublink>                <sublink>searchsd</sublink>            </link>            <thumbnail>https://image.tmdb.org/t/p/w1280/AjHZIkzhPXrRNE4VSLVWx6dirK9.jpg</thumbnail>            <fanart>https://image.tmdb.org/t/p/w1280/5ceIqlRzWH4x1IPU9OfjXHO2Kz6.jpg</fanart>        </item>        <item>            <title>[COLOR orange]Chicken Run[/COLOR]</title>            <meta>                <imdb>tt0120630</imdb>                <content>movie</content>                <title>Chicken Run</title>                <year>2000</year>            </meta>            <link>                <sublink>search</sublink>                <sublink>searchsd</sublink>            </link>            <thumbnail>https://image.tmdb.org/t/p/w1280/z0MafJgUnVyVbczicYMkPKKHkBi.jpg</thumbnail>            <fanart>https://image.tmdb.org/t/p/w1280/yNF5xB9JY7UE5t4DuYntqdNqezc.jpg</fanart>        </item>        <item>            <title>[COLOR red]Flushed Away[/COLOR]</title>            <meta>                <imdb>tt0424095</imdb>                <content>movie</content>                <title>Flushed Away</title>                <year>2006</year>            </meta>            <link>                <sublink>search</sublink>                <sublink>searchsd</sublink>            </link>            <thumbnail>https://image.tmdb.org/t/p/w1280/oCdPDusnJvIZN6OpaF2Yj7211w.jpg</thumbnail>            <fanart>https://image.tmdb.org/t/p/w1280/7gvhqD2l8T6qKlD0ec4nysh077y.jpg</fanart>        </item>        <item>            <title>[COLOR orange]Home[/COLOR]</title>            <meta>                <imdb>tt2224026</imdb>                <content>movie</content>                <title>Home</title>                <year>2015</year>            </meta>            <link>                <sublink>search</sublink>                <sublink>searchsd</sublink>            </link>            <thumbnail>https://image.tmdb.org/t/p/w1280/8WmT9i9sili2uLNzGGm3nc7AUR3.jpg</thumbnail>            <fanart>https://image.tmdb.org/t/p/w1280/6xjBbCZp3bXFps5ET1Y4zfq6bws.jpg</fanart>        </item>        <item>            <title>[COLOR red]How to Train Your Dragon[/COLOR]</title>            <meta>                <imdb>tt0892769</imdb>                <content>movie</content>                <title>How to Train Your Dragon</title>                <year>2010</year>            </meta>            <link>                <sublink>search</sublink>                <sublink>searchsd</sublink>            </link>            <thumbnail>https://image.tmdb.org/t/p/w1280/hIXX3IRFy0InUOmYeWjvhCAgQNj.jpg</thumbnail>            <fanart>https://image.tmdb.org/t/p/w1280/3eR9HOkPZUbrGWDRdKHeKoiMLc4.jpg</fanart>        </item>        <item>            <title>[COLOR orange]How to Train Your Dragon 2[/COLOR]</title>            <meta>                <imdb>tt1646971</imdb>                <content>movie</content>                <title>How to Train Your Dragon 2</title>                <year>2014</year>            </meta>            <link>                <sublink>search</sublink>                <sublink>searchsd</sublink>            </link>            <thumbnail>https://image.tmdb.org/t/p/w1280/lRjOR4uclMQijUav4OjeZprlehu.jpg</thumbnail>            <fanart>https://image.tmdb.org/t/p/w1280/cHTJxPcq3hlshzOgHDRMCF8Wb9K.jpg</fanart>        </item>        <item>            <title>[COLOR red]Kung Fu Panda[/COLOR]</title>            <meta>                <imdb>tt0441773</imdb>                <content>movie</content>                <title>Kung Fu Panda</title>                <year>2008</year>            </meta>            <link>                <sublink>search</sublink>                <sublink>searchsd</sublink>            </link>            <thumbnail>https://image.tmdb.org/t/p/w1280/2Paj1nufT0jeSY0G4u3RC31HIGT.jpg</thumbnail>            <fanart>https://image.tmdb.org/t/p/w1280/UJwhgwAxU42cm9XKncO9boFAEV.jpg</fanart>        </item>        <item>            <title>[COLOR orange]Kung Fu Panda 2[/COLOR]</title>            <meta>                <imdb>tt1302011</imdb>                <content>movie</content>                <title>Kung Fu Panda 2</title>                <year>2011</year>            </meta>            <link>                <sublink>search</sublink>                <sublink>searchsd</sublink>            </link>            <thumbnail>https://image.tmdb.org/t/p/w1280/Fzyy2dauoKxjUzUPYYo3kJkJAW.jpg</thumbnail>            <fanart>https://image.tmdb.org/t/p/w1280/eyiE1vuizMKVu8MoZkg2xsramFl.jpg</fanart>        </item>        <item>            <title>[COLOR red]Kung Fu Panda 3[/COLOR]</title>            <meta>                <imdb>tt2267968</imdb>                <content>movie</content>                <title>Kung Fu Panda 3</title>                <year>2016</year>            </meta>            <link>                <sublink>search</sublink>                <sublink>searchsd</sublink>            </link>            <thumbnail>https://image.tmdb.org/t/p/w1280/MZFPacfKzgisnPoJIPEFZUXBBT.jpg</thumbnail>            <fanart>https://image.tmdb.org/t/p/w1280/eHWmEUP4fa7h1Fe7TXfTL7ncDl8.jpg</fanart>        </item>        <item>            <title>[COLOR orange]Madagascar[/COLOR]</title>            <meta>                <imdb>tt0351283</imdb>                <content>movie</content>                <title>Madagascar</title>                <year>2005</year>            </meta>            <link>                <sublink>search</sublink>                <sublink>searchsd</sublink>            </link>            <thumbnail>https://image.tmdb.org/t/p/w1280/2YiESGB68BGQSAFvfJxBi774sc4.jpg</thumbnail>            <fanart>https://image.tmdb.org/t/p/w1280/wUetiqu2EFhHW94yTP0pWABfyUG.jpg</fanart>        </item>        <item>            <title>[COLOR red]Madagascar 3: Europe's Most Wanted[/COLOR]</title>            <meta>                <imdb>tt1277953</imdb>                <content>movie</content>                <title>Madagascar 3: Europe's Most Wanted</title>                <year>2012</year>            </meta>            <link>                <sublink>search</sublink>                <sublink>searchsd</sublink>            </link>            <thumbnail>https://image.tmdb.org/t/p/w1280/wd7NcMifnuf66gD2Fm7Tzz3yJ54.jpg</thumbnail>            <fanart>https://image.tmdb.org/t/p/w1280/alkQ9DQJdZutBCKdEHXUVCZnuAF.jpg</fanart>        </item>        <item>            <title>[COLOR orange]Madagascar: Escape 2 Africa[/COLOR]</title>            <meta>                <imdb>tt0479952</imdb>                <content>movie</content>                <title>Madagascar: Escape 2 Africa</title>                <year>2008</year>            </meta>            <link>                <sublink>search</sublink>                <sublink>searchsd</sublink>            </link>            <thumbnail>https://image.tmdb.org/t/p/w1280/9mohxwknsHcwFBSAAhoQXwFV5zn.jpg</thumbnail>            <fanart>https://image.tmdb.org/t/p/w1280/anxiz37Z9FPKeuCsJcxViSWmPxg.jpg</fanart>        </item>        <item>            <title>[COLOR red]Megamind[/COLOR]</title>            <meta>                <imdb>tt1001526</imdb>                <content>movie</content>                <title>Megamind</title>                <year>2010</year>            </meta>            <link>                <sublink>search</sublink>                <sublink>searchsd</sublink>            </link>            <thumbnail>https://image.tmdb.org/t/p/w1280/amXAUSAUrnGuLGEyc1ZNhBvgbnF.jpg</thumbnail>            <fanart>https://image.tmdb.org/t/p/w1280/o6anuGPog9853CPiaPQEMmdBVT0.jpg</fanart>        </item>        <item>            <title>[COLOR orange]Monsters vs Aliens[/COLOR]</title>            <meta>                <imdb>tt0892782</imdb>                <content>movie</content>                <title>Monsters vs Aliens</title>                <year>2009</year>            </meta>            <link>                <sublink>search</sublink>                <sublink>searchsd</sublink>            </link>            <thumbnail>https://image.tmdb.org/t/p/w1280/8x0WrDcFQDC2eoXJe6iC34wXZE8.jpg</thumbnail>            <fanart>https://image.tmdb.org/t/p/w1280/a5zAJBPShxIQmkUsXMPsHhORQXO.jpg</fanart>        </item>        <item>            <title>[COLOR red]Mr. Peabody and Sherman[/COLOR]</title>            <meta>                <imdb>tt0864835</imdb>                <content>movie</content>                <title>Mr. Peabody and Sherman</title>                <year>2014</year>            </meta>            <link>                <sublink>search</sublink>                <sublink>searchsd</sublink>            </link>            <thumbnail>https://image.tmdb.org/t/p/w1280/wGRWVfhMdGIThSDld2965oUkJ5E.jpg</thumbnail>            <fanart>https://image.tmdb.org/t/p/w1280/obKkOgdvV7kOFUuIOBd2dZ85p4k.jpg</fanart>        </item>        <item>            <title>[COLOR orange]Over the Hedge[/COLOR]</title>            <meta>                <imdb>tt0327084</imdb>                <content>movie</content>                <title>Over the Hedge</title>                <year>2006</year>            </meta>            <link>                <sublink>search</sublink>                <sublink>searchsd</sublink>            </link>            <thumbnail>https://image.tmdb.org/t/p/w1280/fGvoD6n6blbFprgbl3BJ2U8YHSF.jpg</thumbnail>            <fanart>https://image.tmdb.org/t/p/w1280/lNABYZx4BLt97dinPV4iRegGVfa.jpg</fanart>        </item>        <item>            <title>[COLOR red]Penguins of Madagascar[/COLOR]</title>            <meta>                <imdb>tt1911658</imdb>                <content>movie</content>                <title>Penguins of Madagascar</title>                <year>2014</year>            </meta>            <link>                <sublink>search</sublink>                <sublink>searchsd</sublink>            </link>            <thumbnail>https://image.tmdb.org/t/p/w1280/pRer59eyY4rjkLPeKXKo7fPxCHH.jpg</thumbnail>            <fanart>https://image.tmdb.org/t/p/w1280/fBYnaVOcc2Ghfkv473z0xdBRQ0m.jpg</fanart>        </item>        <item>            <title>[COLOR orange]Puss in Boots[/COLOR]</title>            <meta>                <imdb>tt0448694</imdb>                <content>movie</content>                <title>Puss in Boots</title>                <year>2011</year>            </meta>            <link>                <sublink>search</sublink>                <sublink>searchsd</sublink>            </link>            <thumbnail>https://image.tmdb.org/t/p/w1280/7r57xOw0zSCW59pys29KyPrDS3t.jpg</thumbnail>            <fanart>https://image.tmdb.org/t/p/w1280/2ai9WLc1NlZxOdM9NV481UL4ebJ.jpg</fanart>        </item>        <item>            <title>[COLOR red]Rise of the Guardians[/COLOR]</title>            <meta>                <imdb>tt1446192</imdb>                <content>movie</content>                <title>Rise of the Guardians</title>                <year>2012</year>            </meta>            <link>                <sublink>search</sublink>                <sublink>searchsd</sublink>            </link>            <thumbnail>https://image.tmdb.org/t/p/w1280/sIZr3pWcnLTjMkOaTkBrV967lTK.jpg</thumbnail>            <fanart>https://image.tmdb.org/t/p/w1280/uLAzeXooxaCJvxltbEqZQHLxniP.jpg</fanart>        </item>        <item>            <title>[COLOR orange]Shark Tale[/COLOR]</title>            <meta>                <imdb>tt0307453</imdb>                <content>movie</content>                <title>Shark Tale</title>                <year>2004</year>            </meta>            <link>                <sublink>search</sublink>                <sublink>searchsd</sublink>            </link>            <thumbnail>https://image.tmdb.org/t/p/w1280/zSHqX4qklYrHMEcv2GiHG5UwVsz.jpg</thumbnail>            <fanart>https://image.tmdb.org/t/p/w1280/v3RnhCEMu9MVxA5aHWPgVzFGdSG.jpg</fanart>        </item>        <item>            <title>[COLOR red]Shrek[/COLOR]</title>            <meta>                <imdb>tt0126029</imdb>                <content>movie</content>                <title>Shrek</title>                <year>2001</year>            </meta>            <link>                <sublink>search</sublink>                <sublink>searchsd</sublink>            </link>            <thumbnail>https://image.tmdb.org/t/p/w1280/140ewbWv8qHStD3mlBDvvGd0Zvu.jpg</thumbnail>            <fanart>https://image.tmdb.org/t/p/w1280/wBG4kHfhwm3bLwKUFNRByXXv4r2.jpg</fanart>        </item>        <item>            <title>[COLOR orange]Shrek 2[/COLOR]</title>            <meta>                <imdb>tt0298148</imdb>                <content>movie</content>                <title>Shrek 2</title>                <year>2004</year>            </meta>            <link>                <sublink>search</sublink>                <sublink>searchsd</sublink>            </link>            <thumbnail>https://image.tmdb.org/t/p/w1280/akWDA0BMVYK4OTM92T5i91DYnsT.jpg</thumbnail>            <fanart>https://image.tmdb.org/t/p/w1280/nJ0TsLEeht6y30AMryc4ElQ8gzp.jpg</fanart>        </item>        <item>            <title>[COLOR red]Shrek Forever After[/COLOR]</title>            <meta>                <imdb>tt0892791</imdb>                <content>movie</content>                <title>Shrek Forever After</title>                <year>2010</year>            </meta>            <link>                <sublink>search</sublink>                <sublink>searchsd</sublink>            </link>            <thumbnail>https://image.tmdb.org/t/p/w1280/enqVwbUu6OX5LHq0fuk7sLT35zy.jpg</thumbnail>            <fanart>https://image.tmdb.org/t/p/w1280/A1wkIJIYiO8aMIVViw1Bq75cOpd.jpg</fanart>        </item>        <item>            <title>[COLOR orange]Shrek the Third[/COLOR]</title>            <meta>                <imdb>tt0413267</imdb>                <content>movie</content>                <title>Shrek the Third</title>                <year>2007</year>            </meta>            <link>                <sublink>search</sublink>                <sublink>searchsd</sublink>            </link>            <thumbnail>https://image.tmdb.org/t/p/w1280/lA17Mlz8hXVZsW5Y3WuUa8KPilQ.jpg</thumbnail>            <fanart>https://image.tmdb.org/t/p/w1280/7fT1IogBbxM6S7SOIGSe7BXLEMq.jpg</fanart>        </item>        <item>            <title>[COLOR red]Sinbad: Legend of the Seven Seas[/COLOR]</title>            <meta>                <imdb>tt0165982</imdb>                <content>movie</content>                <title>Sinbad: Legend of the Seven Seas</title>                <year>2003</year>            </meta>            <link>                <sublink>search</sublink>                <sublink>searchsd</sublink>            </link>            <thumbnail>https://image.tmdb.org/t/p/w1280/6LELf4ZzVBJwR9mNq86Mf5QVERS.jpg</thumbnail>            <fanart>https://image.tmdb.org/t/p/w1280/7FAywH8ASRQ9QsiGRrxhLatYlVS.jpg</fanart>        </item>        <item>            <title>[COLOR orange]Spirit: Stallion of the Cimarron[/COLOR]</title>            <meta>                <imdb>tt0166813</imdb>                <content>movie</content>                <title>Spirit: Stallion of the Cimarron</title>                <year>2002</year>            </meta>            <link>                <sublink>search</sublink>                <sublink>searchsd</sublink>            </link>            <thumbnail>https://image.tmdb.org/t/p/w1280/7cfXsSe621cWpCpAuuJgud0Gszt.jpg</thumbnail>            <fanart>https://image.tmdb.org/t/p/w1280/7UzVI4BepB9g8822H7UCXPjrMan.jpg</fanart>        </item>        <item>            <title>[COLOR red]The Boss Baby[/COLOR]</title>            <meta>                <imdb>tt3874544</imdb>                <content>movie</content>                <title>The Boss Baby</title>                <year>2017</year>            </meta>            <link>                <sublink>search</sublink>                <sublink>searchsd</sublink>            </link>            <thumbnail>https://image.tmdb.org/t/p/w1280/unPB1iyEeTBcKiLg8W083rlViFH.jpg</thumbnail>            <fanart>https://image.tmdb.org/t/p/w1280/8keMlLuzB9XIUBnbdEq5DCqZdHQ.jpg</fanart>        </item>        <item>            <title>[COLOR orange]The Croods[/COLOR]</title>            <meta>                <imdb>tt0481499</imdb>                <content>movie</content>                <title>The Croods</title>                <year>2013</year>            </meta>            <link>                <sublink>search</sublink>                <sublink>searchsd</sublink>            </link>            <thumbnail>https://image.tmdb.org/t/p/w1280/eHi3Nbgh6Cs2KiIyEMF4Ig4CdjX.jpg</thumbnail>            <fanart>https://image.tmdb.org/t/p/w1280/vg2hf8eAZhULxtQRS87CbrH2WMQ.jpg</fanart>        </item>        <item>            <title>[COLOR red]The Prince of Egypt[/COLOR]</title>            <meta>                <imdb>tt0120794</imdb>                <content>movie</content>                <title>The Prince of Egypt</title>                <year>1998</year>            </meta>            <link>                <sublink>search</sublink>                <sublink>searchsd</sublink>            </link>            <thumbnail>https://image.tmdb.org/t/p/w1280/wD34ls2faCrj8YvFViEaPfBtBEe.jpg</thumbnail>            <fanart>https://image.tmdb.org/t/p/w1280/1yB6o6L5DLteeraLhz5Q0buBm6i.jpg</fanart>        </item>        <item>            <title>[COLOR orange]The Road to El Dorado[/COLOR]</title>            <meta>                <imdb>tt0138749</imdb>                <content>movie</content>                <title>The Road to El Dorado</title>                <year>2000</year>            </meta>            <link>                <sublink>search</sublink>                <sublink>searchsd</sublink>            </link>            <thumbnail>https://image.tmdb.org/t/p/w1280/lQnNNjT4yW3i2rmQhGibiPBnc6e.jpg</thumbnail>            <fanart>https://image.tmdb.org/t/p/w1280/wO94ht5j5LpFoXeQomW0ItbOfsE.jpg</fanart>        </item>        <item>            <title>[COLOR red]Trolls[/COLOR]</title>            <meta>                <imdb>tt1679335</imdb>                <content>movie</content>                <title>Trolls</title>                <year>2016</year>            </meta>            <link>                <sublink>search</sublink>                <sublink>searchsd</sublink>            </link>            <thumbnail>https://image.tmdb.org/t/p/w1280/zKu5MNy9QW1a5ZHgv7iAp3kRZpE.jpg</thumbnail>            <fanart>https://image.tmdb.org/t/p/w1280/wc1JxADaBLuWhySkaawCBTpixCo.jpg</fanart>        </item>        <item>            <title>[COLOR orange]Turbo[/COLOR]</title>            <meta>                <imdb>tt1860353</imdb>                <content>movie</content>                <title>Turbo</title>                <year>2013</year>            </meta>            <link>                <sublink>search</sublink>                <sublink>searchsd</sublink>            </link>            <thumbnail>https://image.tmdb.org/t/p/w1280/kajPlPUgobxci8ME5oqvzjN430q.jpg</thumbnail>            <fanart>https://image.tmdb.org/t/p/w1280/9jP2kMPUDpBKE5viSevTa4ga4bX.jpg</fanart>        </item>        <item>            <title>[COLOR red]Wallace and Gromit: The Curse of the Were-Rabbit[/COLOR]</title>            <meta>                <imdb>tt0312004</imdb>                <content>movie</content>                <title>Wallace and Gromit: The Curse of the Were-Rabbit</title>                <year>2005</year>            </meta>            <link>                <sublink>search</sublink>                <sublink>searchsd</sublink>            </link>            <thumbnail>https://image.tmdb.org/t/p/w1280/tLryx0x9TDV5rifA9W8yUvDZFHB.jpg</thumbnail>            <fanart>https://image.tmdb.org/t/p/w1280/v45E1vDhPp2hc1dEZx5KZuRsSxX.jpg</fanart>        </item>    </wannabe></dipshit>