<dir>
  <title>Iron Maiden - Number of the Beast</title>
  <link>file://music/maiden/notb.xml</link>
</dir>

<dir>
  <title>Iron Maiden - Brave New World</title>
  <link>file://music/maiden/brave.xml</link>
</dir>

<dir>
  <title>Iron Maiden - PowerSlave</title>
  <link>file://music/maiden/power.xml</link>
</dir>

<dir>
  <title>Iron Maiden - Fear of the Dark</title>
  <link>file://music/maiden/fear.xml</link>
</dir>

<dir>
  <title>Iron Maiden - Piece of Mind (Coming Soon)</title>
  <link>file://music/maiden/</link>
</dir>

<dir>
  <title>Iron Maiden - Dance of Death (Coming Soon)</title>
  <link>file://music/maiden/</link>
</dir>

<dir>
	<title>Iron Maiden - Seventh Son of A Seventh Son (Coming Soon)</title>
  <link>file://music/maiden/</link>
</dir>

<dir>
  <title>Iron Maiden - Killers (Coming Soon)</title>
  <link>file://music/maiden/</link>
</dir>