<?xml version="1.0" encoding="UTF-8"?>
<addon
	id="skin.unity"
	version="0.7.1"
	name="Unity"
	provider-name="Eddage, Bumpaneer">
	<requires>
		<import addon="xbmc.gui" version="5.14.0"/>
		<import addon="script.skinshortcuts" version="1.0.8"/>
	</requires>
	<extension
		point="xbmc.gui.skin"
		debugging="false"
		effectslowdown="1.0">
		<res width="1920" height="1080" aspect="16:9" default="true" folder="xml" />
		<res width="1920" height="1200" aspect="16:10" default="false" folder="xml" />
		<res width="1920" height="1280" aspect="3:2" default="false" folder="xml" />
		<res width="1920" height="1440" aspect="4:3" default="false" folder="xml" />
		<res width="2040" height="1080" aspect="17:9" default="false" folder="xml" />
		<res width="2560" height="1080" aspect="21:9" default="false" folder="xml" />
	</extension>
	<extension point="xbmc.addon.metadata">
		<summary lang="en_AU">A material skin for Kodi by Eddage</summary>
		<summary lang="en_GB">A material skin for Kodi by Eddage</summary>
		<summary lang="en_NZ">A material skin for Kodi by Eddage</summary>
		<summary lang="en_US">A material skin for Kodi by Eddage</summary>
		<description lang="en_AU">Unity is an adaptation of Confluence based on a material design.</description>
		<description lang="en_GB">Unity is an adaptation of Confluence based on a material design.</description>
		<description lang="en_NZ">Unity is an adaptation of Confluence based on a material design.</description>
		<description lang="en_US">Unity is an adaptation of Confluence based on a material design.</description>
		<disclaimer lang="en_AU">More info on the skin can be found at the Kodi Forums.</disclaimer>
		<disclaimer lang="en_GB">More info on the skin can be found at the Kodi Forums.</disclaimer>
		<disclaimer lang="en_NZ">More info on the skin can be found at the Kodi Forums.</disclaimer>
		<disclaimer lang="en_US">More info on the skin can be found at the Kodi Forums.</disclaimer>
		<license>GNU GENERAL PUBLIC LICENSE. Version 2, June 1991</license>
		<forum>https://forum.kodi.tv/forumdisplay.php?fid=244</forum>
		<source>https://github.com/bumpaneer/skin.unity/tree/Krypton</source>
		<platform>all</platform>
		<assets>
			<icon>resources/icon.png</icon>
			<fanart>resources/fanart.jpg</fanart>
			<screenshot>resources/screenshot01.jpg</screenshot>
			<screenshot>resources/screenshot02.jpg</screenshot>
			<screenshot>resources/screenshot03.jpg</screenshot>
			<screenshot>resources/screenshot04.jpg</screenshot>
			<screenshot>resources/screenshot05.jpg</screenshot>
			<screenshot>resources/screenshot06.jpg</screenshot>
			<screenshot>resources/screenshot07.jpg</screenshot>
			<screenshot>resources/screenshot08.jpg</screenshot>
			<screenshot>resources/screenshot09.jpg</screenshot>
			<screenshot>resources/screenshot10.jpg</screenshot>
		</assets>
	</extension>
</addon>
