<item>
<title>[COLOR=snow]Follow on Twitter:[/COLOR] [COLOR=springgreen]@Daddy_Blamo[/COLOR]</title>
<heading></heading>
<thumbnail>https://pbs.twimg.com/profile_images/998259019105034241/T7BMxs0k_400x400.jpg</thumbnail>
<fanart>https://pbs.twimg.com/profile_banners/907081486607757312/1517024133/1500x500</fanart>
</item>

<dir>
    <name>[B][COLORlimegreen]South Park[/COLOR][/B]</name>
    <link>file://csb/southpark.xml</link>
    <thumbnail>https://i.imgur.com/jK3Kzao.jpg</thumbnail>
    <fanart>https://i.imgur.com/UiI6O3O.jpg</fanart>
</dir>

<dir>
<title>[B][COLORorange]American Dad[/COLOR][/B]</title>
<tmdb>list/47077</tmdb>
<thumbnail>https://i.imgur.com/0UJnTWT.jpg</thumbnail>
<fanart>https://i.imgur.com/UiI6O3O.jpg</fanart>
</dir>

<dir>
    <name>[B][COLORlimegreen]Family Guy[/COLOR][/B]</name>
    <link>file://csb/familyguy.xml</link>
    <thumbnail>https://i.imgur.com/plXnsGo.jpg</thumbnail>
    <fanart>https://i.imgur.com/UiI6O3O.jpg</fanart>
</dir>

<dir>
    <name>[B][COLORorange]The Simpsons[/COLOR][/B]</name>
    <link>file://csb/simpsons.xml</link>
    <thumbnail>https://i.imgur.com/D1qBOP4.jpg</thumbnail>
    <fanart>https://i.imgur.com/UiI6O3O.jpg</fanart>
</dir>

<dir>
<title>[B][COLORlimegreen]Archer[/COLOR][/B]</title>
<tmdb>list/47080</tmdb>
<thumbnail>https://i.imgur.com/LDOsjpF.jpg</thumbnail>
<fanart>https://i.imgur.com/UiI6O3O.jpg</fanart>
</dir>

<dir>
<title>[B][COLORorange]Bob's Burgers[/COLOR][/B]</title>
<tmdb>list/47081</tmdb>
<thumbnail>https://i.imgur.com/5FbV9LB.jpg</thumbnail>
<fanart>https://i.imgur.com/UiI6O3O.jpg</fanart>
</dir>

<dir>
    <name>[B][COLORlimegreen]Futurama[/COLOR][/B]</name>
    <link>file://csb/futurama.xml</link>
    <thumbnail>https://i.imgur.com/R5qQc96.png</thumbnail>
    <fanart>https://i.imgur.com/UiI6O3O.jpg</fanart>
</dir>

<dir>
<title>[B][COLORorange]Rick and Morty[/COLOR][/B]</title>
<tmdb>list/47144</tmdb>
<thumbnail>https://i.imgur.com/2o0HH8u.jpg</thumbnail>
<fanart>https://i.imgur.com/UiI6O3O.jpg</fanart>
</dir>

<dir>
    <name>[B][COLORlimegreen]Tripping the Rift[/COLOR][/B]</name>
    <link>file://csb/trippingtherift.xml</link>
    <thumbnail>https://i.imgur.com/7t0zB6S.jpg</thumbnail>
    <fanart>https://i.imgur.com/UiI6O3O.jpg</fanart>
</dir>

<dir>
<title>[B][COLORorange]King of the Hill[/COLOR][/B]</title>
<tmdb>list/47145</tmdb>
<thumbnail>https://i.imgur.com/dIU8EFt.jpg</thumbnail>
<fanart>https://i.imgur.com/UiI6O3O.jpg</fanart>
</dir>

<dir>
    <name>[B][COLORlimegreen]Beavis and Butt-head[/COLOR][/B]</name>
    <link>file://csb/beavis.xml</link>
    <thumbnail>https://i.imgur.com/y6btN5a.png</thumbnail>
    <fanart>https://i.imgur.com/UiI6O3O.jpg</fanart>
</dir>

<dir>
    <name>[B][COLORorange]Drawn Together[/COLOR][/B]</name>
    <link>file://csb/drawntogether.xml</link>
    <thumbnail>https://i.imgur.com/T81U6zQ.jpg</thumbnail>
    <fanart>https://i.imgur.com/UiI6O3O.jpg</fanart>
</dir>

<dir>
    <name>[B][COLORlimegreen]Robot Chicken[/COLOR][/B]</name>
    <link>file://csb/robotchicken.xml</link>
    <thumbnail>https://i.imgur.com/tqVBo1L.jpg</thumbnail>
    <fanart>https://i.imgur.com/UiI6O3O.jpg</fanart>
</dir>

<dir>
    <name>[B][COLORorange]Animaniacs[/COLOR][/B]</name>
    <link>file://csb/animaniacs.xml</link>
    <thumbnail>https://i.imgur.com/ezj9yZR.jpg</thumbnail>
    <fanart>https://i.imgur.com/UiI6O3O.jpg</fanart>
</dir>

<dir>
<title>[B][COLORlimegreen]Ren & Stimpy[/COLOR][/B]</title>
<tmdb>list/47157</tmdb>
<thumbnail>https://i.imgur.com/CFU4i8v.jpg</thumbnail>
<fanart>https://i.imgur.com/UiI6O3O.jpg</fanart>
</dir>

<dir>
    <name>[B][COLORorange]Daria[/COLOR][/B]</name>
    <link>file://csb/daria.xml</link>
    <thumbnail>https://i.imgur.com/qV2aKKJ.jpg</thumbnail>
    <fanart>https://i.imgur.com/UiI6O3O.jpg</fanart>
</dir>

<dir>
<title>[B][COLORlimegreen]The Boondocks[/COLOR][/B]</title>
<tmdb>list/47162</tmdb>
<thumbnail>https://i.imgur.com/YH7qIrJ.jpg</thumbnail>
<fanart>https://i.imgur.com/UiI6O3O.jpg</fanart>
</dir>

<dir>
<title>[B][COLORorange]Adventure Time[/COLOR][/B]</title>
<tmdb>list/47163</tmdb>
<thumbnail>https://i.imgur.com/x9GRpli.png</thumbnail>
<fanart>https://i.imgur.com/UiI6O3O.jpg</fanart>
</dir>

<dir>
<title>[B][COLORlimegreen]Pinky and the Brain[/COLOR][/B]</title>
<tmdb>list/47164</tmdb>
<thumbnail>https://i.imgur.com/wxuIjRo.jpg</thumbnail>
<fanart>https://i.imgur.com/UiI6O3O.jpg</fanart>
</dir>

<dir>
<title>[B][COLORorange]Rocko's Modern Life[/COLOR][/B]</title>
<tmdb>list/47165</tmdb>
<thumbnail>https://i.imgur.com/fvnPfTD.jpg</thumbnail>
<fanart>https://i.imgur.com/UiI6O3O.jpg</fanart>
</dir>

<dir>
    <name>[B][COLORlimegreen]Johnny Bravo[/COLOR][/B]</name>
    <link>file://csb/johnny.xml</link>
    <thumbnail>https://i.imgur.com/h5bbVHW.png</thumbnail>
    <fanart>https://i.imgur.com/UiI6O3O.jpg</fanart>
</dir>

<dir>
    <name>[B][COLORorange]SpongeBob SquarePants[/COLOR][/B]</name>
    <link>file://csb/spongebob.xml</link>
    <thumbnail>https://i.imgur.com/gmkl4QH.jpg</thumbnail>
    <fanart>https://i.imgur.com/UiI6O3O.jpg</fanart>
</dir>

<dir>
<title>[B][COLORlimegreen]Courage the Cowardly Dog[/COLOR][/B]</title>
<tmdb>list/47172</tmdb>
<thumbnail>https://i.imgur.com/i5b0hl9.jpg</thumbnail>
<fanart>https://i.imgur.com/UiI6O3O.jpg</fanart>
</dir>

<dir>
<title>[B][COLORorange]Aqua Teen Hunger Force[/COLOR][/B]</title>
<tmdb>list/47173</tmdb>
<thumbnail>https://i.imgur.com/uhbLXCJ.jpg</thumbnail>
<fanart>https://i.imgur.com/UiI6O3O.jpg</fanart>
</dir>

<dir>
<title>[B][COLORlimegreen]The Cleveland Show[/COLOR][/B]</title>
<tmdb>list/47177</tmdb>
<thumbnail>https://i.imgur.com/UycmoqK.jpg</thumbnail>
<fanart>https://i.imgur.com/UiI6O3O.jpg</fanart>
</dir>

<dir>
    <name>[B][COLORorange]Regular Show[/COLOR][/B]</name>
    <link>file://csb/regularshow.xml</link>
    <thumbnail>https://i.imgur.com/9ywK584.jpg</thumbnail>
    <fanart>https://i.imgur.com/UiI6O3O.jpg</fanart>
</dir>

<dir>
<title>[B][COLORlimegreen]Cow and Chicken[/COLOR][/B]</title>
<tmdb>list/47180</tmdb>
<thumbnail>https://i.imgur.com/tnoMXFE.jpg</thumbnail>
<fanart>https://i.imgur.com/UiI6O3O.jpg</fanart>
</dir>

<dir>
<title>[B][COLORorange]Brickleberry[/COLOR][/B]</title>
<tmdb>list/47182</tmdb>
<thumbnail>https://i.imgur.com/t1KtnNw.jpg</thumbnail>
<fanart>https://i.imgur.com/UiI6O3O.jpg</fanart>
</dir>

<dir>
<title>[B][COLORlimegreen]Back at the Barnyard[/COLOR][/B]</title>
<tmdb>list/47217</tmdb>
<thumbnail>https://i.imgur.com/DsdgTF7.jpg</thumbnail>
<fanart>https://i.imgur.com/UiI6O3O.jpg</fanart>
</dir>

<dir>
<title>[B][COLORorange]Squidbillies[/COLOR][/B]</title>
<tmdb>list/47439</tmdb>
<thumbnail>https://i.imgur.com/ANDbGtT.jpg</thumbnail>
<fanart>https://i.imgur.com/UiI6O3O.jpg</fanart>
</dir>

<dir>
    <title>[B][COLORlimegreen]User Requests[/COLOR][/B]</title>
    <link>file://csb/requests.xml</link>
    <thumbnail>special://home/addons/plugin.video.chocolatesaltyballs/icon.png</thumbnail>
    <fanart>special://home/addons/plugin.video.chocolatesaltyballs/fanart.jpg</fanart>
</dir>

<dir>
    <title>[B][COLORorange]Joe Cartoon[/COLOR][/B]</title>
    <link>file://csb/joecartoon.xml</link>
    <thumbnail>file://csb/icons/joecartoon_icon.png</thumbnail>
    <fanart>file://csb/icons/joecartoon_fanart.jpg</fanart>
</dir>

<dir>
    <title>[B][COLORlimegreen]iLL WiLL PrEss - (Foamy the Squirrel)[/COLOR][/B]</title>
    <link>file://csb/illwill.xml</link>
    <thumbnail>file://csb/icons/foamy_icon.png</thumbnail>
    <fanart>file://csb/icons/foamy_fanart.jpg</fanart>
</dir>

<dir>
	<title>[B][COLORorange]The Batman[/COLOR][/B]</title>
	<meta>
		<imdb/>
		<content>tvshow</content>
		<tvshowtitle>The Batman</tvshowtitle>
	</meta>
	<link>tmdb_tv_show(2022, The Batman)</link>
	<thumbnail>https://image.tmdb.org/t/p/w1280//nZE2dAtEwZJKOd9d3TXu6YwqKdt.jpg</thumbnail>
	<fanart>https://image.tmdb.org/t/p/w1280//mz3PkGK6SufT8c0MdVkGOi3vefK.jpg</fanart>
</dir>

<dir>
	<title>[B][COLORlimegreen]Tom and Jerry[/COLOR][/B]</title>
	<meta>
		<imdb/>
		<content>tvshow</content>
		<tvshowtitle>Tom and Jerry</tvshowtitle>
	</meta>
	<link>tmdb_tv_show(3936, Tom and Jerry)</link>
	<thumbnail>https://image.tmdb.org/t/p/w1280//pVKOQsWbLEhwiCroIC1HZCVdh5Y.jpg</thumbnail>
	<fanart>https://image.tmdb.org/t/p/w1280//y6LnE2qJIZ52V5wkS0VY3NFTM92.jpg</fanart>
</dir>

<dir>
	<title>[B][COLORorange]The Tom & Jerry Kids Show[/COLOR][/B]</title>
	<meta>
		<imdb/>
		<content>tvshow</content>
		<tvshowtitle>The Tom & Jerry Kids Show</tvshowtitle>
		<year>1990</year>
	</meta>
	<link>tmdb_tv_show(4274, 1990, The Tom & Jerry Kids Show)</link>
	<thumbnail>https://image.tmdb.org/t/p/w1280//52QbFDLknISRqGEnSpOKbc2rNeo.jpg</thumbnail>
	<fanart>https://image.tmdb.org/t/p/w1280//gF5PVgAlelxYJ8GixriCLYHNOL4.jpg</fanart>
</dir>

<dir>
	<title>[B][COLORlimegreen]Rugrats[/COLOR][/B]</title>
	<meta>
		<imdb/>
		<content>tvshow</content>
		<tvshowtitle>Rugrats</tvshowtitle>
	</meta>
	<link>tmdb_tv_show(3022, Rugrats)</link>
	<thumbnail>https://image.tmdb.org/t/p/w1280//6i62EVoyGxKjI21DS8I53nxKToG.jpg</thumbnail>
	<fanart>https://image.tmdb.org/t/p/w1280//ohS85Q5PNc3aZSED7B3AVMgsLFC.jpg</fanart>
</dir>

<dir>
	<title>[B][COLORorange]DuckTales[/COLOR][/B]</title>
	<meta>
		<imdb/>
		<content>tvshow</content>
		<tvshowtitle>DuckTales</tvshowtitle>
	</meta>
	<link>tmdb_tv_show(720, DuckTales)</link>
	<thumbnail>https://image.tmdb.org/t/p/w1280//8hj0mrk8zw6wtTQdD69PlTopY3k.jpg</thumbnail>
	<fanart>https://image.tmdb.org/t/p/w1280//1GpkNlhJDJkKPQhSbOxARecL18e.jpg</fanart>
</dir>

<dir>
	<title>[B][COLORlimegreen]DuckTales[/COLOR][/B]</title>
	<meta>
		<imdb/>
		<content>tvshow</content>
		<tvshowtitle>DuckTales</tvshowtitle>
	</meta>
	<link>tmdb_tv_show(72350, DuckTales)</link>
	<thumbnail>https://image.tmdb.org/t/p/w1280//2THLokQ6Ce914l4b3rYvvbEPJpz.jpg</thumbnail>
	<fanart>https://image.tmdb.org/t/p/w1280//vQi8foJKdvefFdW2GuxuqKxUEt5.jpg</fanart>
</dir>

<dir>
	<title>[B][COLORorange]Fullmetal Alchemist: Brotherhood[/COLOR][/B]</title>
	<meta>
		<imdb/>
		<content>tvshow</content>
		<tvshowtitle>Fullmetal Alchemist: Brotherhood</tvshowtitle>
	</meta>
	<link>tmdb_tv_show(31911, Fullmetal Alchemist: Brotherhood)</link>
	<thumbnail>https://image.tmdb.org/t/p/w1280//ySPZ3pBaxj4XiMZEvTlyTEBF2Cc.jpg</thumbnail>
	<fanart>https://image.tmdb.org/t/p/w1280//sPJbWoqud7YSsMHRXYxYc4b07ps.jpg</fanart>
</dir>

<dir>
	<title>[B][COLORlimegreen]Paw Patrol[/COLOR][/B]</title>
	<meta>
		<imdb/>
		<content>tvshow</content>
		<tvshowtitle>Paw Patrol</tvshowtitle>
	</meta>
	<link>tmdb_tv_show(57532, Paw Patrol)</link>
	<thumbnail>https://image.tmdb.org/t/p/w1280//vN9BE385YKPgumoyrOd8Z8yh6Nn.jpg</thumbnail>
	<fanart>https://image.tmdb.org/t/p/w1280//gV2FiYtScFdixj4FtmMjtm02i1y.jpg</fanart>
</dir>

<dir>
	<title>[B][COLORorange]The Smurfs[/COLOR][/B]</title>
	<meta>
		<imdb/>
		<content>tvshow</content>
		<tvshowtitle>The Smurfs</tvshowtitle>
	</meta>
	<link>tmdb_tv_show(5687, The Smurfs)</link>
	<thumbnail>https://image.tmdb.org/t/p/w1280//nbuUTJTShZCCNBDoTEBHknpQ0j7.jpg</thumbnail>
	<fanart>https://image.tmdb.org/t/p/w1280//okjpVG3iAw20D2xxtUAaca8YLpE.jpg</fanart>
</dir>

<dir>
	<title>[B][COLORlimegreen]Garfield and Friends[/COLOR][/B]</title>
	<meta>
		<imdb/>
		<content>tvshow</content>
		<tvshowtitle>Garfield and Friends</tvshowtitle>
		<year>1988</year>
	</meta>
	<link>tmdb_tv_show(4606, 1988, Garfield and Friends)</link>
	<thumbnail>https://image.tmdb.org/t/p/w1280//g32SoSdyZejeRZGXwBK41Ii1b9d.jpg</thumbnail>
	<fanart>https://image.tmdb.org/t/p/w1280//cHYjtY2Gle11xSYu2CLgW4j58LZ.jpg</fanart>
</dir>

<dir>
	<title>[B][COLORorange]Dexter's Laboratory[/COLOR][/B]</title>
	<meta>
		<imdb/>
		<content>tvshow</content>
		<tvshowtitle>Dexter's Laboratory</tvshowtitle>
		<year>1996</year>
	</meta>
	<link>tmdb_tv_show(4229, 1996, Dexter's Laboratory)</link>
	<thumbnail>https://image.tmdb.org/t/p/w1280//zuCyg83BcuKUtT2EfDTLbxrOwhp.jpg</thumbnail>
	<fanart>https://image.tmdb.org/t/p/w1280//pI76Uyw14aE407UVKhdfRC1gUD0.jpg</fanart>
</dir>

<dir>
	<title>[B][COLORlimegreen]InuYasha[/COLOR][/B]</title>
	<meta>
		<imdb/>
		<content>tvshow</content>
		<tvshowtitle>InuYasha</tvshowtitle>
	</meta>
	<link>tmdb_tv_show(35610, 2000, InuYasha)</link>
	<thumbnail>https://image.tmdb.org/t/p/w1280//nWboOfpbX2r1GwWYc9jKDRBES3X.jpg</thumbnail>
	<fanart>https://image.tmdb.org/t/p/w1280//fSohGIXGuIUr5koOYdLDgJceysu.jpg</fanart>
</dir>

<dir>
	<title>[B][COLORorange]Camp WWE[/COLOR][/B]</title>
	<meta>
		<imdb/>
		<content>tvshow</content>
		<tvshowtitle>Camp WWE</tvshowtitle>
	</meta>
	<link>tmdb_tv_show(66281, 2016, Camp WWE)</link>
	<thumbnail>https://image.tmdb.org/t/p/w1280//td7oavKdqdTENUePffSUQDtva0e.jpg</thumbnail>
	<fanart>https://image.tmdb.org/t/p/w1280//uz96R9EhhCGL5KKl45e4OlcMNBd.jpg</fanart>
</dir>

<dir>
	<title>[B][COLORlimegreen]Mr. Pickles[/COLOR][/B]</title>
	<meta>
		<imdb/>
		<content>tvshow</content>
		<tvshowtitle>Mr. Pickles</tvshowtitle>
	</meta>
	<link>tmdb_tv_show(61593, 2014, Mr. Pickles)</link>
	<thumbnail>https://image.tmdb.org/t/p/w1280//ingjEe8x28W2ChlTScpdDZ3t6H1.jpg</thumbnail>
	<fanart>https://image.tmdb.org/t/p/w1280//qvwhrxm6vaWKuVMkeGNSxBtvZJj.jpg</fanart>
</dir>

<dir>
	<title>[B][COLORorange]Fugget About It[/COLOR][/B]</title>
	<meta>
		<imdb/>
		<content>tvshow</content>
		<tvshowtitle>Fugget About It</tvshowtitle>
		<year>2012</year>
	</meta>
	<link>tmdb_tv_show(43548, 2012, Fugget About It)</link>
	<thumbnail>https://image.tmdb.org/t/p/w1280//lFz1HYRPXw533n97bpSqJWq0BZP.jpg</thumbnail>
	<fanart>https://image.tmdb.org/t/p/w1280//iwWDLp0QYeOIk7hT6eDSGRunWVe.jpg</fanart>
</dir>

<dir>
<title>[B][COLORwhite]Search[/COLOR][/B]</title>
<tmdb>search</tmdb>
<thumbnail>https://i.imgur.com/hEDobPJ.png</thumbnail>
<fanart>https://i.imgur.com/UiI6O3O.jpg</fanart>
</dir>
