<dir>
    <title>[B][COLORorange]Happy Tree Friends[/COLOR][/B]</title>
    <link>https://gitlab.com/MrBlamo/Mr_Blamo_Repo/raw/master/_xmls/csb/htf.xml</link>
    <thumbnail>https://gitlab.com/MrBlamo/Mr_Blamo_Repo/raw/master/_xmls/csb/icons/htf_icon.png</thumbnail>
    <fanart>https://gitlab.com/MrBlamo/Mr_Blamo_Repo/raw/master/_xmls/csb/icons/htf_fanart.jpg</fanart>
</dir>

<dir>
    <title>[B][COLORlimegreen]Joe Cartoon[/COLOR][/B]</title>
    <link>https://gitlab.com/MrBlamo/Mr_Blamo_Repo/raw/master/_xmls/csb/joecartoon.xml</link>
    <thumbnail>https://gitlab.com/MrBlamo/Mr_Blamo_Repo/raw/master/_xmls/csb/icons/joecartoon_icon.png</thumbnail>
    <fanart>https://gitlab.com/MrBlamo/Mr_Blamo_Repo/raw/master/_xmls/csb/icons/joecartoon_fanart.jpg</fanart>
</dir>

<dir>
    <title>[B][COLORorange]iLL WiLL PrEss - (Foamy the Squirrel)[/COLOR][/B]</title>
    <link>https://gitlab.com/MrBlamo/Mr_Blamo_Repo/raw/master/_xmls/csb/illwill.xml</link>
    <thumbnail>https://gitlab.com/MrBlamo/Mr_Blamo_Repo/raw/master/_xmls/csb/icons/foamy_icon.png</thumbnail>
    <fanart>https://gitlab.com/MrBlamo/Mr_Blamo_Repo/raw/master/_xmls/csb/icons/foamy_fanart.jpg</fanart>
</dir>