<dipshit>
	<wannabe>
		<item>
			<title>[COLOR snow]Follow me on Twitter:[/COLOR] [COLOR=red]@Daddy_Blamo[/COLOR]</title>
			<meta>
				<summary>20 Cents is 20 Cents</summary>
			</meta>
			<thumbnail>special://home/addons/plugin.video.chocolatesaltyballs/icon/twitter.jpg</thumbnail>
		</item>
		<item>
			<title>[COLOR=orange]Some Links Require Pairing or Real Debrid:[/COLOR]</title>
			<meta>
				<summary>Twenty Cents is Twenty Cents</summary>
			</meta>
			<thumbnail>special://home/addons/plugin.video.chocolatesaltyballs/icon/20centslol.png</thumbnail>
		</item>
		<plugin>
			<title>[COLOR red]Pair and Auth RD[/COLOR]</title>
			<meta>
				<summary>Twenty Cents is Twenty Cents</summary>
			</meta>
			<link>plugin://script.69DeathPair</link>
			<thumbnail>special://home/addons/plugin.video.chocolatesaltyballs/icon/pair.png</thumbnail>
		</plugin>
		<item>
			<title>[COLOR orange]Settings[/COLOR]</title>
			<mysettings>0/0</mysettings>
			<meta>
				<summary>Twenty Cents is Twenty Cents</summary>
			</meta>
			<thumbnail>special://home/addons/plugin.video.chocolatesaltyballs/icon/settings.png</thumbnail>
			<info>Open the Settings for the addon</info>
		</item>
		<dir>
			<title>[COLOR limegreen]User Requests[/COLOR]</title>
			<meta>
				<summary>Twenty Cents is Twenty Cents</summary>
			</meta>
			<link>file://requests.xml</link>
			<thumbnail>special://home/addons/plugin.video.chocolatesaltyballs/icon.png</thumbnail>
		</dir>
		<dir>
			<title>[COLOR red]Blamo's Collection[/COLOR] [COLOR orange](Direct Links)[/COLOR]</title>
			<meta>
				<summary>Twenty Cents is Twenty Cents</summary>
			</meta>
			<link>file://blams/oneclick.xml</link>
			<thumbnail>special://home/addons/plugin.video.chocolatesaltyballs/icon/blamoco.jpg</thumbnail>
		</dir>
		<dir>
			<title>[COLOR red]Kids Arena[/COLOR]</title>
			<meta>
				<summary>Twenty Cents is Twenty Cents</summary>
			</meta>
			<link>file://cartoons/main.xml</link>
			<thumbnail>special://home/addons/plugin.video.chocolatesaltyballs/icon/kidsmo.jpg</thumbnail>
		</dir>
		<dir>
			<title>[COLOR orange]CopyKatz[/COLOR]</title>
			<meta>
				<summary>Twenty Cents is Twenty Cents</summary>
			</meta>
			<link>file://blams/cpastas.xml</link>
			<thumbnail>special://home/addons/plugin.video.chocolatesaltyballs/icon/copycat.jpg</thumbnail>
		</dir>
		<dir>
			<title>[COLOR red]Action Movies[/COLOR]</title>
			<meta>
				<summary>Twenty Cents is Twenty Cents</summary>
			</meta>
			<link>file://blams/greatm/greatesta.xml</link>
			<thumbnail>special://home/addons/plugin.video.chocolatesaltyballs/icon/actionm.jpg</thumbnail>
		</dir>
		<dir>
			<title>[COLOR orange]20 Cent Real Debrid[/COLOR] [COLOR orange]Movies[/COLOR]</title>
			<meta>
				<summary>Twenty Cents is Twenty Cents</summary>
			</meta>
			<link>file://blams/realdebrid.xml</link>
			<thumbnail>special://home/addons/plugin.video.chocolatesaltyballs/icon/realdebrid.jpg</thumbnail>
		</dir>
		<dir>
			<title>[COLOR orange]Adult Toons[/COLOR] [COLOR red]Scrapers[/COLOR]</title>
			<meta>
				<summary>Twenty Cents is Twenty Cents</summary>
			</meta>
			<link>file://adulttoon/adulttoon.xml</link>
			<thumbnail>special://home/addons/plugin.video.chocolatesaltyballs/icon/adults.jpg</thumbnail>
		</dir>
		<dir>
			<title>[COLOR orange]Kids Toons[/COLOR] [COLOR red]Scrapers[/COLOR]</title>
			<meta>
				<summary>Twenty Cents is Twenty Cents</summary>
			</meta>
			<link>file://kidstoon/kidtoon.xml</link>
			<thumbnail>special://home/addons/plugin.video.chocolatesaltyballs/icon/kids.jpg</thumbnail>
		</dir>
		<dir>
			<title>[COLOR orange]24/7 TV Shows[/COLOR]</title>
			<meta>
				<summary>Twenty Cents is Twenty Cents</summary>
			</meta>
			<arconaitv2>shows</arconaitv2>
			<thumbnail>special://home/addons/plugin.video.chocolatesaltyballs/icon/24shows.jpg</thumbnail>
		</dir>
		<dir>
			<title>[COLOR white]Latest Release Cartoons[/COLOR]</title>
			<meta>
				<summary>Twenty Cents is Twenty Cents</summary>
			</meta>
			<wctoon>wcdaily-updates</wctoon>
		</dir>
		<dir>
			<title>[COLOR white]Popular Series[/COLOR]</title>
			<meta>
				<summary>Twenty Cents is Twenty Cents</summary>
			</meta>
			<wctoon>popular-list</wctoon>
		</dir>
		<dir>
			<title>[COLOR white]Search[/COLOR]</title>
			<meta>
				<summary>Twenty Cents is Twenty Cents</summary>
			</meta>
			<tmdb>search</tmdb>
			<thumbnail>special://home/addons/plugin.video.chocolatesaltyballs/icon/search.png</thumbnail>
		</dir>
		<dir>
			<title>[COLOR red]Trakt Portal[/COLOR]</title>
			<meta>
				<summary>Twenty Cents is Twenty Cents</summary>
			</meta>
			<link>file://blams/traktportal.xml</link>
			<thumbnail>special://home/addons/plugin.video.chocolatesaltyballs/icon/trakt-logo.png</thumbnail>
		</dir>
	</wannabe>
</dipshit>