<dipshit>
	<wannabe>
		<item>
			<title>Resident Evil: Extinction (2007)</title>
			<meta>
				<content>movie</content>
				<imdb>tt0432021</imdb>
				<title>Resident Evil: Extinction</title>
				<year>2007</year>
			</meta>
			<link>
				<sublink>searchhd</sublink>
				<sublink>searchsd</sublink>
			</link>
			<thumbnail>https://image.tmdb.org/t/p/w1280/84s6e0V8hB87eOI5X3zVtkDboto.jpg</thumbnail>
			<fanart>https://image.tmdb.org/t/p/w1280/mjQoekfYIT1t18j9hf2JSZEi60Y.jpg</fanart>
		</item>
		<item>
			<title>Resident Evil: Retribution (2012)</title>
			<meta>
				<content>movie</content>
				<imdb>tt1855325</imdb>
				<title>Resident Evil: Retribution</title>
				<year>2012</year>
			</meta>
			<link>
				<sublink>searchhd</sublink>
				<sublink>searchsd</sublink>
			</link>
			<thumbnail>https://image.tmdb.org/t/p/w1280/qRhi9UDgfstP9aIJTCoO9u13Q7t.jpg</thumbnail>
			<fanart>https://image.tmdb.org/t/p/w1280/6H1ZMkxCOewI3o4017L2La6wReo.jpg</fanart>
		</item>
		<item>
			<title>Resident Evil: The Final Chapter (2016)</title>
			<meta>
				<content>movie</content>
				<imdb>tt2592614</imdb>
				<title>Resident Evil: The Final Chapter</title>
				<year>2016</year>
			</meta>
			<link>
				<sublink>searchhd</sublink>
				<sublink>searchsd</sublink>
			</link>
			<thumbnail>https://image.tmdb.org/t/p/w1280/7XlaaMzQUz5EqTY0m07hn3PbGu7.jpg</thumbnail>
			<fanart>https://image.tmdb.org/t/p/w1280/eRdcFDoWnZ5hia7ptUOOvyPDlE0.jpg</fanart>
		</item>
		<item>
			<title>Riddick (2013)</title>
			<meta>
				<content>movie</content>
				<imdb>tt1411250</imdb>
				<title>Riddick</title>
				<year>2013</year>
			</meta>
			<link>
				<sublink>searchhd</sublink>
				<sublink>searchsd</sublink>
			</link>
			<thumbnail>https://image.tmdb.org/t/p/w1280/duoN6oNGp1emHkkhlTcY76Wz2ED.jpg</thumbnail>
			<fanart>https://image.tmdb.org/t/p/w1280/bMMhbyEUudWOLOcgHORZ57LArRL.jpg</fanart>
		</item>
		<item>
			<title>Robin Hood (2010)</title>
			<meta>
				<content>movie</content>
				<imdb>tt0955308</imdb>
				<title>Robin Hood</title>
				<year>2010</year>
			</meta>
			<link>
				<sublink>searchhd</sublink>
				<sublink>searchsd</sublink>
			</link>
			<thumbnail>https://image.tmdb.org/t/p/w1280/4gH0vhyOcl7QV3t81653CpWjEB6.jpg</thumbnail>
			<fanart>https://image.tmdb.org/t/p/w1280/avhEibZxIr8NzHQFBjw3FjLjN7u.jpg</fanart>
		</item>
		<item>
			<title>RoboCop (2014)</title>
			<meta>
				<content>movie</content>
				<imdb>tt1234721</imdb>
				<title>RoboCop</title>
				<year>2014</year>
			</meta>
			<link>
				<sublink>searchhd</sublink>
				<sublink>searchsd</sublink>
			</link>
			<thumbnail>https://image.tmdb.org/t/p/w1280/hFQcC5eSSHqJfk70RdgrMMxGuYt.jpg</thumbnail>
			<fanart>https://image.tmdb.org/t/p/w1280/zkBSu5jNI9YrAGvvy8cAAc7BZX5.jpg</fanart>
		</item>
		<item>
			<title>Rocky (1976)</title>
			<meta>
				<content>movie</content>
				<imdb>tt0075148</imdb>
				<title>Rocky</title>
				<year>1976</year>
			</meta>
			<link>
				<sublink>searchhd</sublink>
				<sublink>searchsd</sublink>
			</link>
			<thumbnail>https://image.tmdb.org/t/p/w1280/9TUR3s1PMJHwDRbpm7PWQ0S7IRy.jpg</thumbnail>
			<fanart>https://image.tmdb.org/t/p/w1280/2kkyt0FLROrXt41IgSdE7goCFNQ.jpg</fanart>
		</item>
		<item>
			<title>Rocky Balboa (2006)</title>
			<meta>
				<content>movie</content>
				<imdb>tt0479143</imdb>
				<title>Rocky Balboa</title>
				<year>2006</year>
			</meta>
			<link>
				<sublink>searchhd</sublink>
				<sublink>searchsd</sublink>
			</link>
			<thumbnail>https://image.tmdb.org/t/p/w1280/n82AAPWnAafDAZjxkYK2rAPwk4A.jpg</thumbnail>
			<fanart>https://image.tmdb.org/t/p/w1280/gcFhaI5IrKxvMs4TtvlHbYE4b0.jpg</fanart>
		</item>
		<item>
			<title>Rocky II (1979)</title>
			<meta>
				<content>movie</content>
				<imdb>tt0079817</imdb>
				<title>Rocky II</title>
				<year>1979</year>
			</meta>
			<link>
				<sublink>searchhd</sublink>
				<sublink>searchsd</sublink>
			</link>
			<thumbnail>https://image.tmdb.org/t/p/w1280/fqJH7mI4dFANRay8qdJoGa7fK1k.jpg</thumbnail>
			<fanart>https://image.tmdb.org/t/p/w1280/xx9DyVNmehDJPrYGsy9AJgYzAtd.jpg</fanart>
		</item>
		<item>
			<title>Rocky III (1982)</title>
			<meta>
				<content>movie</content>
				<imdb>tt0084602</imdb>
				<title>Rocky III</title>
				<year>1982</year>
			</meta>
			<link>
				<sublink>searchhd</sublink>
				<sublink>searchsd</sublink>
			</link>
			<thumbnail>https://image.tmdb.org/t/p/w1280/ns55NGqTDEEjcI9z2a9htA2cFtG.jpg</thumbnail>
			<fanart>https://image.tmdb.org/t/p/w1280/6qYptQG2ynJANbyjjYOt4fpHfxF.jpg</fanart>
		</item>
		<item>
			<title>Rocky IV (1985)</title>
			<meta>
				<content>movie</content>
				<imdb>tt0089927</imdb>
				<title>Rocky IV</title>
				<year>1985</year>
			</meta>
			<link>
				<sublink>searchhd</sublink>
				<sublink>searchsd</sublink>
			</link>
			<thumbnail>https://image.tmdb.org/t/p/w1280/jmvpwgW5M2kduR9zB0q8qGFC4zM.jpg</thumbnail>
			<fanart>https://image.tmdb.org/t/p/w1280/uvbjTLZSxGehXWDo1ENyVuBrYie.jpg</fanart>
		</item>
		<item>
			<title>Ronin (1998)</title>
			<meta>
				<content>movie</content>
				<imdb>tt0122690</imdb>
				<title>Ronin</title>
				<year>1998</year>
			</meta>
			<link>
				<sublink>searchhd</sublink>
				<sublink>searchsd</sublink>
			</link>
			<thumbnail>https://image.tmdb.org/t/p/w1280/UoFUXemMYGKuCN01Y111JlPjjr.jpg</thumbnail>
			<fanart>https://image.tmdb.org/t/p/w1280/oluhanwldGYjwIJ1hzfWlhSsXr3.jpg</fanart>
		</item>
		<item>
			<title>Sabotage (2014)</title>
			<meta>
				<content>movie</content>
				<imdb>tt1742334</imdb>
				<title>Sabotage</title>
				<year>2014</year>
			</meta>
			<link>
				<sublink>searchhd</sublink>
				<sublink>searchsd</sublink>
			</link>
			<thumbnail>https://image.tmdb.org/t/p/w1280/iVpNb776SBRslpXBd20G38i9oBy.jpg</thumbnail>
			<fanart>https://image.tmdb.org/t/p/w1280/zb0zgDuXC25zMGyiPeOiFDEHvmi.jpg</fanart>
		</item>
		<item>
			<title>Sand Castle (2017)</title>
			<meta>
				<content>movie</content>
				<imdb>tt2582576</imdb>
				<title>Sand Castle</title>
				<year>2017</year>
			</meta>
			<link>
				<sublink>searchhd</sublink>
				<sublink>searchsd</sublink>
			</link>
			<thumbnail>https://image.tmdb.org/t/p/w1280/c9buG2jVRgAu68E4D4jpwlgqhO1.jpg</thumbnail>
			<fanart>https://image.tmdb.org/t/p/w1280/eM9MZ1dhDCbRzwQg0FWpWWtLPMn.jpg</fanart>
		</item>
		<item>
			<title>Secret Games 3 (1994)</title>
			<meta>
				<content>movie</content>
				<imdb>tt0111104</imdb>
				<title>Secret Games 3</title>
				<year>1994</year>
			</meta>
			<link>
				<sublink>searchhd</sublink>
				<sublink>searchsd</sublink>
			</link>
			<thumbnail>https://image.tmdb.org/t/p/w1280/zjZLOepsneGehtQ0oGAG3hnegdn.jpg</thumbnail>
			<fanart>https://image.tmdb.org/t/p/w1280none</fanart>
		</item>
		<item>
			<title>Shade (2003)</title>
			<meta>
				<content>movie</content>
				<imdb>tt0323939</imdb>
				<title>Shade</title>
				<year>2003</year>
			</meta>
			<link>
				<sublink>searchhd</sublink>
				<sublink>searchsd</sublink>
			</link>
			<thumbnail>https://image.tmdb.org/t/p/w1280/hmgj0eyAXhHGeLyoKBUsGq0NiIw.jpg</thumbnail>
			<fanart>https://image.tmdb.org/t/p/w1280/wZc98T1RgeYYGhk9DefvwOOhES9.jpg</fanart>
		</item>
		<item>
			<title>Showdown in Little Tokyo (1991)</title>
			<meta>
				<content>movie</content>
				<imdb>tt0102915</imdb>
				<title>Showdown in Little Tokyo</title>
				<year>1991</year>
			</meta>
			<link>
				<sublink>searchhd</sublink>
				<sublink>searchsd</sublink>
			</link>
			<thumbnail>https://image.tmdb.org/t/p/w1280/xGE0TFCsNincYgC8c8nWS8aKZKY.jpg</thumbnail>
			<fanart>https://image.tmdb.org/t/p/w1280/fTbBtJrmiFRJocoGDHqNPqimz5m.jpg</fanart>
		</item>
		<item>
			<title>Sin City (2005)</title>
			<meta>
				<content>movie</content>
				<imdb>tt0401792</imdb>
				<title>Sin City</title>
				<year>2005</year>
			</meta>
			<link>
				<sublink>searchhd</sublink>
				<sublink>searchsd</sublink>
			</link>
			<thumbnail>https://image.tmdb.org/t/p/w1280/vKJVGOKPyWqp9d2EX5NH1liqRqR.jpg</thumbnail>
			<fanart>https://image.tmdb.org/t/p/w1280/my81Hjt7NpZhaMX9bHi4wVhFy0v.jpg</fanart>
		</item>
		<item>
			<title>Sin City: A Dame to Kill For (2014)</title>
			<meta>
				<content>movie</content>
				<imdb>tt0458481</imdb>
				<title>Sin City: A Dame to Kill For</title>
				<year>2014</year>
			</meta>
			<link>
				<sublink>searchhd</sublink>
				<sublink>searchsd</sublink>
			</link>
			<thumbnail>https://image.tmdb.org/t/p/w1280/k80qKrJ0qQ6ocVo5N932stNSg6j.jpg</thumbnail>
			<fanart>https://image.tmdb.org/t/p/w1280/khzRw7ZDE3NIrYpe0RYyB864FPT.jpg</fanart>
		</item>
		<item>
			<title>Skyfall (2012)</title>
			<meta>
				<content>movie</content>
				<imdb>tt1074638</imdb>
				<title>Skyfall</title>
				<year>2012</year>
			</meta>
			<link>
				<sublink>searchhd</sublink>
				<sublink>searchsd</sublink>
			</link>
			<thumbnail>https://image.tmdb.org/t/p/w1280/uVALAeLEMGMf3oYpvdVi4uuaNOo.jpg</thumbnail>
			<fanart>https://image.tmdb.org/t/p/w1280/6bjRujKSnCVSrzC1qjmqfAyaiET.jpg</fanart>
		</item>
		<item>
			<title>Soldier (I) (1998)</title>
			<meta>
				<content>movie</content>
				<imdb>tt0120157</imdb>
				<title>Soldier</title>
				<year>I 1998</year>
			</meta>
			<link>
				<sublink>searchhd</sublink>
				<sublink>searchsd</sublink>
			</link>
			<thumbnail>https://image.tmdb.org/t/p/w1280/lpByPXb2xJvsmeEBxO9YPADLLdi.jpg</thumbnail>
			<fanart>https://image.tmdb.org/t/p/w1280/47gRJs6hozTKhg8jaqkEyQQ6NrA.jpg</fanart>
		</item>
		<item>
			<title>Song to Song (2017)</title>
			<meta>
				<content>movie</content>
				<imdb>tt2062700</imdb>
				<title>Song to Song</title>
				<year>2017</year>
			</meta>
			<link>
				<sublink>searchhd</sublink>
				<sublink>searchsd</sublink>
			</link>
			<thumbnail>https://image.tmdb.org/t/p/w1280/rEvtGhNY2DQ4L8Ma6rpMhL6IbKM.jpg</thumbnail>
			<fanart>https://image.tmdb.org/t/p/w1280/7y9v3rlbClIodJ8FYAnAHWJ0Zu8.jpg</fanart>
		</item>
		<item>
			<title>Southpaw (2015)</title>
			<meta>
				<content>movie</content>
				<imdb>tt1798684</imdb>
				<title>Southpaw</title>
				<year>2015</year>
			</meta>
			<link>
				<sublink>searchhd</sublink>
				<sublink>searchsd</sublink>
			</link>
			<thumbnail>https://image.tmdb.org/t/p/w1280/50d0XQQETSyg3bwBXhC7K33pKgc.jpg</thumbnail>
			<fanart>https://image.tmdb.org/t/p/w1280/tTt1cdEEkKMJ1R4VBTe5vbE3bWO.jpg</fanart>
		</item>
		<item>
			<title>Spartacus (1960)</title>
			<meta>
				<content>movie</content>
				<imdb>tt0054331</imdb>
				<title>Spartacus</title>
				<year>1960</year>
			</meta>
			<link>
				<sublink>searchhd</sublink>
				<sublink>searchsd</sublink>
			</link>
			<thumbnail>https://image.tmdb.org/t/p/w1280/hpICDCTdMIpcqEeNa0k3rcedw2B.jpg</thumbnail>
			<fanart>https://image.tmdb.org/t/p/w1280/z7tLZ3c17Ch6qGIhUuiXBGGwHv0.jpg</fanart>
		</item>
		<item>
			<title>Speed (1994)</title>
			<meta>
				<content>movie</content>
				<imdb>tt0111257</imdb>
				<title>Speed</title>
				<year>1994</year>
			</meta>
			<link>
				<sublink>searchhd</sublink>
				<sublink>searchsd</sublink>
			</link>
			<thumbnail>https://image.tmdb.org/t/p/w1280/u5ZqizbcZ0RZhVqmu8lSU4SARBT.jpg</thumbnail>
			<fanart>https://image.tmdb.org/t/p/w1280/pGVpDc6MgLRtOYdxsA5fhj1SZki.jpg</fanart>
		</item>
		<item>
			<title>Spider-Man: Homecoming (2017)</title>
			<meta>
				<content>movie</content>
				<imdb>tt2250912</imdb>
				<title>Spider-Man: Homecoming</title>
				<year>2017</year>
			</meta>
			<link>
				<sublink>searchhd</sublink>
				<sublink>searchsd</sublink>
			</link>
			<thumbnail>https://image.tmdb.org/t/p/w1280/c24sv2weTHPsmDa7jEMN0m2P3RT.jpg</thumbnail>
			<fanart>https://image.tmdb.org/t/p/w1280/vc8bCGjdVp0UbMNLzHnHSLRbBWQ.jpg</fanart>
		</item>
		<item>
			<title>Spring Breakers (2012)</title>
			<meta>
				<content>movie</content>
				<imdb>tt2101441</imdb>
				<title>Spring Breakers</title>
				<year>2012</year>
			</meta>
			<link>
				<sublink>searchhd</sublink>
				<sublink>searchsd</sublink>
			</link>
			<thumbnail>https://image.tmdb.org/t/p/w1280/nDs6gn1VH5MmF7l8G8UABBBX0G1.jpg</thumbnail>
			<fanart>https://image.tmdb.org/t/p/w1280/44njc1OWRwl5GGCYZ5OAuTIVkC.jpg</fanart>
		</item>
		<item>
			<title>Spy (2015)</title>
			<meta>
				<content>movie</content>
				<imdb>tt3079380</imdb>
				<title>Spy</title>
				<year>2015</year>
			</meta>
			<link>
				<sublink>searchhd</sublink>
				<sublink>searchsd</sublink>
			</link>
			<thumbnail>https://image.tmdb.org/t/p/w1280/xaOq0BnMHl445iZ4B7szBzaWgjS.jpg</thumbnail>
			<fanart>https://image.tmdb.org/t/p/w1280/AoYGqtWxcNmQjQIpRCMtzpFfL1T.jpg</fanart>
		</item>
		<item>
			<title>Spy Game (2001)</title>
			<meta>
				<content>movie</content>
				<imdb>tt0266987</imdb>
				<title>Spy Game</title>
				<year>2001</year>
			</meta>
			<link>
				<sublink>searchhd</sublink>
				<sublink>searchsd</sublink>
			</link>
			<thumbnail>https://image.tmdb.org/t/p/w1280/hsb8hBeU3tkTX8SUYW6YYw6JPYD.jpg</thumbnail>
			<fanart>https://image.tmdb.org/t/p/w1280/ncF0ozvDnIVFzKF0J5iqwEIezRJ.jpg</fanart>
		</item>
		<item>
			<title>Star Trek: Into Darkness (2013)</title>
			<meta>
				<content>movie</content>
				<imdb>tt1408101</imdb>
				<title>Star Trek: Into Darkness</title>
				<year>2013</year>
			</meta>
			<link>
				<sublink>searchhd</sublink>
				<sublink>searchsd</sublink>
			</link>
			<thumbnail>https://image.tmdb.org/t/p/w1280/41mhrXASAW3sdn7LBWF49uCX0xi.jpg</thumbnail>
			<fanart>https://image.tmdb.org/t/p/w1280/ns0IojuqJe24AHTxe8RVcWJUCDM.jpg</fanart>
		</item>
		<item>
			<title>Star Wars: Episode I - The Phantom Menace (1999)</title>
			<meta>
				<content>movie</content>
				<imdb>tt0120915</imdb>
				<title>Star Wars: Episode I - The Phantom Menace</title>
				<year>1999</year>
			</meta>
			<link>
				<sublink>searchhd</sublink>
				<sublink>searchsd</sublink>
			</link>
			<thumbnail>https://image.tmdb.org/t/p/w1280/n8V09dDc02KsSN6Q4hC2BX6hN8X.jpg</thumbnail>
			<fanart>https://image.tmdb.org/t/p/w1280/v6lRzOActebITc9rizhNAdwQR1O.jpg</fanart>
		</item>
		<item>
			<title>Star Wars: Episode II - Attack of the Clones (2002)</title>
			<meta>
				<content>movie</content>
				<imdb>tt0121765</imdb>
				<title>Star Wars: Episode II - Attack of the Clones</title>
				<year>2002</year>
			</meta>
			<link>
				<sublink>searchhd</sublink>
				<sublink>searchsd</sublink>
			</link>
			<thumbnail>https://image.tmdb.org/t/p/w1280/2vcNFtrZXNwIcBgH5e2xXCmVR8t.jpg</thumbnail>
			<fanart>https://image.tmdb.org/t/p/w1280/1Slt26IGf2XHqv8xjEJ7LMZqCYb.jpg</fanart>
		</item>
		<item>
			<title>Star Wars: Episode III - Revenge of the Sith (2005)</title>
			<meta>
				<content>movie</content>
				<imdb>tt0121766</imdb>
				<title>Star Wars: Episode III - Revenge of the Sith</title>
				<year>2005</year>
			</meta>
			<link>
				<sublink>searchhd</sublink>
				<sublink>searchsd</sublink>
			</link>
			<thumbnail>https://image.tmdb.org/t/p/w1280/tgr5Pdy7ehZYBqBkN2K7Q02xgOb.jpg</thumbnail>
			<fanart>https://image.tmdb.org/t/p/w1280/wUYTfFbfPiZC6Lcyt1nonr69ZmK.jpg</fanart>
		</item>
		<item>
			<title>Star Wars: Episode VII - The Force Awakens (2015)</title>
			<meta>
				<content>movie</content>
				<imdb>tt2488496</imdb>
				<title>Star Wars: Episode VII - The Force Awakens</title>
				<year>2015</year>
			</meta>
			<link>
				<sublink>searchhd</sublink>
				<sublink>searchsd</sublink>
			</link>
			<thumbnail>https://image.tmdb.org/t/p/w1280/weUSwMdQIa3NaXVzwUoIIcAi85d.jpg</thumbnail>
			<fanart>https://image.tmdb.org/t/p/w1280/njv65RTipNSTozFLuF85jL0bcQe.jpg</fanart>
		</item>
		<item>
			<title>Stoker (2013)</title>
			<meta>
				<content>movie</content>
				<imdb>tt1682180</imdb>
				<title>Stoker</title>
				<year>2013</year>
			</meta>
			<link>
				<sublink>searchhd</sublink>
				<sublink>searchsd</sublink>
			</link>
			<thumbnail>https://image.tmdb.org/t/p/w1280/mif93qTCI33RyoxhroEK0ANsGbk.jpg</thumbnail>
			<fanart>https://image.tmdb.org/t/p/w1280/6BqAHEKpm88t3z678mxJnpWNx55.jpg</fanart>
		</item>
		<item>
			<title>Stratton (2017)</title>
			<meta>
				<content>movie</content>
				<imdb>tt3567666</imdb>
				<title>Stratton</title>
				<year>2017</year>
			</meta>
			<link>
				<sublink>searchhd</sublink>
				<sublink>searchsd</sublink>
			</link>
			<thumbnail>https://image.tmdb.org/t/p/w1280/dRpFotBljdbhXKQJd1lzmS4Onyv.jpg</thumbnail>
			<fanart>https://image.tmdb.org/t/p/w1280/f30alhDnRnqXxZc6GIc2blDHsyf.jpg</fanart>
		</item>
		<item>
			<title>Street Kings (2008)</title>
			<meta>
				<content>movie</content>
				<imdb>tt0421073</imdb>
				<title>Street Kings</title>
				<year>2008</year>
			</meta>
			<link>
				<sublink>searchhd</sublink>
				<sublink>searchsd</sublink>
			</link>
			<thumbnail>https://image.tmdb.org/t/p/w1280/2h2mThLae2QZLprtovKXRBgMM1E.jpg</thumbnail>
			<fanart>https://image.tmdb.org/t/p/w1280/vQL3dus5e8XtpAiJKFcI8YiITlV.jpg</fanart>
		</item>
		<item>
			<title>Sudden Death (1995)</title>
			<meta>
				<content>movie</content>
				<imdb>tt0114576</imdb>
				<title>Sudden Death</title>
				<year>1995</year>
			</meta>
			<link>
				<sublink>searchhd</sublink>
				<sublink>searchsd</sublink>
			</link>
			<thumbnail>https://image.tmdb.org/t/p/w1280/eoWvKD60lT95Ss1MYNgVExpo5iU.jpg</thumbnail>
			<fanart>https://image.tmdb.org/t/p/w1280/y6A4PUAD61r15CgtuuQhWxLh6Vx.jpg</fanart>
		</item>
		<item>
			<title>Taken (2008)</title>
			<meta>
				<content>movie</content>
				<imdb>tt0936501</imdb>
				<title>Taken</title>
				<year>I 2008</year>
			</meta>
			<link>
				<sublink>searchhd</sublink>
				<sublink>searchsd</sublink>
			</link>
			<thumbnail>https://image.tmdb.org/t/p/w1280/3zlffXmo7QpVBc17QIJWrRfasVr.jpg</thumbnail>
			<fanart>https://image.tmdb.org/t/p/w1280/d5vwBiuJI1a2hBcGjhsWhpmAkL7.jpg</fanart>
		</item>
		<item>
			<title>Taken 2 (2012)</title>
			<meta>
				<content>movie</content>
				<imdb>tt1397280</imdb>
				<title>Taken 2</title>
				<year>2012</year>
			</meta>
			<link>
				<sublink>searchhd</sublink>
				<sublink>searchsd</sublink>
			</link>
			<thumbnail>https://image.tmdb.org/t/p/w1280/rDX2zd9aVMJnBmlS8efwOYsi76R.jpg</thumbnail>
			<fanart>https://image.tmdb.org/t/p/w1280/uLQjXZq6307jTgcACnhOeh5mCK2.jpg</fanart>
		</item>
		<item>
			<title>Taken 3 (2014)</title>
			<meta>
				<content>movie</content>
				<imdb>tt2446042</imdb>
				<title>Taken 3</title>
				<year>2014</year>
			</meta>
			<link>
				<sublink>searchhd</sublink>
				<sublink>searchsd</sublink>
			</link>
			<thumbnail>https://image.tmdb.org/t/p/w1280/ikDwR3i2bczqnRf1urJTy77YTFf.jpg</thumbnail>
			<fanart>https://image.tmdb.org/t/p/w1280/sFTXZBtYAPHCwvX6OYNr916M6SZ.jpg</fanart>
		</item>
		<item>
			<title>Teenage Mutant Ninja Turtles (2014)</title>
			<meta>
				<content>movie</content>
				<imdb>tt1291150</imdb>
				<title>Teenage Mutant Ninja Turtles</title>
				<year>2014</year>
			</meta>
			<link>
				<sublink>searchhd</sublink>
				<sublink>searchsd</sublink>
			</link>
			<thumbnail>https://image.tmdb.org/t/p/w1280/oDL2ryJ0sV2bmjgshVgJb3qzvwp.jpg</thumbnail>
			<fanart>https://image.tmdb.org/t/p/w1280/OqCXGt5nl1cHPeotxCDvXLLe6p.jpg</fanart>
		</item>
		<item>
			<title>Temptation: Confessions of a Marriage Counselor (2013)</title>
			<meta>
				<content>movie</content>
				<imdb>tt2070862</imdb>
				<title>Temptation: Confessions of a Marriage Counselor</title>
				<year>2013</year>
			</meta>
			<link>
				<sublink>searchhd</sublink>
				<sublink>searchsd</sublink>
			</link>
			<thumbnail>https://image.tmdb.org/t/p/w1280/unJXZA2IeJ6aTs7tplTTbVRgBjZ.jpg</thumbnail>
			<fanart>https://image.tmdb.org/t/p/w1280/y0F3zYnrkODYs2NzHRknzhVJTbh.jpg</fanart>
		</item>
		<item>
			<title>Terminator 2: Judgment Day (1991)</title>
			<meta>
				<content>movie</content>
				<imdb>tt0103064</imdb>
				<title>Terminator 2: Judgment Day</title>
				<year>1991</year>
			</meta>
			<link>
				<sublink>searchhd</sublink>
				<sublink>searchsd</sublink>
			</link>
			<thumbnail>https://image.tmdb.org/t/p/w1280/2y4dmgWYRMYXdD1UyJVcn2HSd1D.jpg</thumbnail>
			<fanart>https://image.tmdb.org/t/p/w1280/d9AqtruwS8nljKjL5aYzM42hQJr.jpg</fanart>
		</item>
		<item>
			<title>Texas Killing Fields (2011)</title>
			<meta>
				<content>movie</content>
				<imdb>tt1389127</imdb>
				<title>Texas Killing Fields</title>
				<year>2011</year>
			</meta>
			<link>
				<sublink>searchhd</sublink>
				<sublink>searchsd</sublink>
			</link>
			<thumbnail>https://image.tmdb.org/t/p/w1280/rvM3xqGDoNwXhzfO7qTLlIU8DZ8.jpg</thumbnail>
			<fanart>https://image.tmdb.org/t/p/w1280/jHh5Oy4NZIV4UuuR70hNsND9Uap.jpg</fanart>
		</item>
		<item>
			<title>That Awkward Moment (2014)</title>
			<meta>
				<content>movie</content>
				<imdb>tt1800246</imdb>
				<title>That Awkward Moment</title>
				<year>2014</year>
			</meta>
			<link>
				<sublink>searchhd</sublink>
				<sublink>searchsd</sublink>
			</link>
			<thumbnail>https://image.tmdb.org/t/p/w1280/lvj2Nqr9RLA6ichyui5Th8oZq5s.jpg</thumbnail>
			<fanart>https://image.tmdb.org/t/p/w1280/unSGNsOvQgTHkIAFMeXzEZ24RB4.jpg</fanart>
		</item>
		<item>
			<title>The 13th Warrior (1999)</title>
			<meta>
				<content>movie</content>
				<imdb>tt0120657</imdb>
				<title>The 13th Warrior</title>
				<year>1999</year>
			</meta>
			<link>
				<sublink>searchhd</sublink>
				<sublink>searchsd</sublink>
			</link>
			<thumbnail>https://image.tmdb.org/t/p/w1280/ooR8S0O0ZgxK2OBnT1GWHrr9w92.jpg</thumbnail>
			<fanart>https://image.tmdb.org/t/p/w1280/mrjQsj4BtLtHj6Qcvp7n9XxdDnx.jpg</fanart>
		</item>
		<item>
			<title>The Blind Side (2009)</title>
			<meta>
				<content>movie</content>
				<imdb>tt0878804</imdb>
				<title>The Blind Side</title>
				<year>2009</year>
			</meta>
			<link>
				<sublink>searchhd</sublink>
				<sublink>searchsd</sublink>
			</link>
			<thumbnail>https://image.tmdb.org/t/p/w1280/wEGFSgPebLk6g1ngKsJ6a46PYLV.jpg</thumbnail>
			<fanart>https://image.tmdb.org/t/p/w1280/qVjKZMB0IdOc2JlwiiGsuKTvTJs.jpg</fanart>
		</item>
		<item>
			<title>The Bling Ring (2013)</title>
			<meta>
				<content>movie</content>
				<imdb>tt2132285</imdb>
				<title>The Bling Ring</title>
				<year>2013</year>
			</meta>
			<link>
				<sublink>searchhd</sublink>
				<sublink>searchsd</sublink>
			</link>
			<thumbnail>https://image.tmdb.org/t/p/w1280/9Z2KAOP1X3ACE22moHu9QdYUK7U.jpg</thumbnail>
			<fanart>https://image.tmdb.org/t/p/w1280/nq4fAIN7oIn3NUP4mqZZACmhMAo.jpg</fanart>
		</item>
		<item>
			<title>The Company You Keep (2012)</title>
			<meta>
				<content>movie</content>
				<imdb>tt1381404</imdb>
				<title>The Company You Keep</title>
				<year>2012</year>
			</meta>
			<link>
				<sublink>searchhd</sublink>
				<sublink>searchsd</sublink>
			</link>
			<thumbnail>https://image.tmdb.org/t/p/w1280/8tP3MK8A5Qah2bMHcXB6E7QF1aN.jpg</thumbnail>
			<fanart>https://image.tmdb.org/t/p/w1280/2p4dSrGUij4Geg17C2N7augYL4T.jpg</fanart>
		</item>
		<item>
			<title>The Counselor (2013)</title>
			<meta>
				<content>movie</content>
				<imdb>tt2193215</imdb>
				<title>The Counselor</title>
				<year>2013</year>
			</meta>
			<link>
				<sublink>searchhd</sublink>
				<sublink>searchsd</sublink>
			</link>
			<thumbnail>https://image.tmdb.org/t/p/w1280/uxp6rHVBzUqZCyTaUI8xzUP5sOf.jpg</thumbnail>
			<fanart>https://image.tmdb.org/t/p/w1280/aWqyoI3u1PigWrXAMyeX568vTXW.jpg</fanart>
		</item>
		<item>
			<title>The Crow (1994)</title>
			<meta>
				<content>movie</content>
				<imdb>tt0109506</imdb>
				<title>The Crow</title>
				<year>1994</year>
			</meta>
			<link>
				<sublink>searchhd</sublink>
				<sublink>searchsd</sublink>
			</link>
			<thumbnail>https://image.tmdb.org/t/p/w1280/vrQZSCP3WeYXCTXdJQ6mXgxb9L4.jpg</thumbnail>
			<fanart>https://image.tmdb.org/t/p/w1280/9pZdI5OuKrEMutyUjrntGdoAXxv.jpg</fanart>
		</item>
		<item>
			<title>The Departed (2006)</title>
			<meta>
				<content>movie</content>
				<imdb>tt0407887</imdb>
				<title>The Departed</title>
				<year>2006</year>
			</meta>
			<link>
				<sublink>searchhd</sublink>
				<sublink>searchsd</sublink>
			</link>
			<thumbnail>https://image.tmdb.org/t/p/w1280/tGLO9zw5ZtCeyyEWgbYGgsFxC6i.jpg</thumbnail>
			<fanart>https://image.tmdb.org/t/p/w1280/8Od5zV7Q7zNOX0y9tyNgpTmoiGA.jpg</fanart>
		</item>
		<item>
			<title>The Devil's Advocate (1997)</title>
			<meta>
				<content>movie</content>
				<imdb>tt0118971</imdb>
				<title>The Devil's Advocate</title>
				<year>1997</year>
			</meta>
			<link>
				<sublink>searchhd</sublink>
				<sublink>searchsd</sublink>
			</link>
			<thumbnail>https://image.tmdb.org/t/p/w1280/eSivb4EyOAyEum70mOSHtAWiUe3.jpg</thumbnail>
			<fanart>https://image.tmdb.org/t/p/w1280/A6KRu9aQmf2bKpHjlaVXmiSA3iv.jpg</fanart>
		</item>
		<item>
			<title>The Eagle (2011)</title>
			<meta>
				<content>movie</content>
				<imdb>tt1034389</imdb>
				<title>The Eagle</title>
				<year>2011</year>
			</meta>
			<link>
				<sublink>searchhd</sublink>
				<sublink>searchsd</sublink>
			</link>
			<thumbnail>https://image.tmdb.org/t/p/w1280/1e3SKFIEy8zPYICzQXBqeKM6xx8.jpg</thumbnail>
			<fanart>https://image.tmdb.org/t/p/w1280/aRL0VSl58stheyPRVDRtgbq1TEx.jpg</fanart>
		</item>
		<item>
			<title>The Equalizer (2014)</title>
			<meta>
				<content>movie</content>
				<imdb>tt0455944</imdb>
				<title>The Equalizer</title>
				<year>2014</year>
			</meta>
			<link>
				<sublink>searchhd</sublink>
				<sublink>searchsd</sublink>
			</link>
			<thumbnail>https://image.tmdb.org/t/p/w1280/2eQfjqlvPAxd9aLDs8DvsKLnfed.jpg</thumbnail>
			<fanart>https://image.tmdb.org/t/p/w1280/ms9oACSGJRjofNPA6HVtcgE5DiU.jpg</fanart>
		</item>
		<item>
			<title>The Expendables (2010)</title>
			<meta>
				<content>movie</content>
				<imdb>tt1320253</imdb>
				<title>The Expendables</title>
				<year>2010</year>
			</meta>
			<link>
				<sublink>searchhd</sublink>
				<sublink>searchsd</sublink>
			</link>
			<thumbnail>https://image.tmdb.org/t/p/w1280/4gLFKsalwRy0ONzfYaRsKr5wilK.jpg</thumbnail>
			<fanart>https://image.tmdb.org/t/p/w1280/x5u73uBylbyCCnkzUGzt3uozqRp.jpg</fanart>
		</item>
		<item>
			<title>The Expendables 2 (2012)</title>
			<meta>
				<content>movie</content>
				<imdb>tt1764651</imdb>
				<title>The Expendables 2</title>
				<year>2012</year>
			</meta>
			<link>
				<sublink>searchhd</sublink>
				<sublink>searchsd</sublink>
			</link>
			<thumbnail>https://image.tmdb.org/t/p/w1280/dJPnTe1qOcO7XqsJvESFph83m6m.jpg</thumbnail>
			<fanart>https://image.tmdb.org/t/p/w1280/pIjnoUnXdLpROFzIRPNziPzgBUp.jpg</fanart>
		</item>
		<item>
			<title>The Expendables 3 (2014)</title>
			<meta>
				<content>movie</content>
				<imdb>tt2333784</imdb>
				<title>The Expendables 3</title>
				<year>2014</year>
			</meta>
			<link>
				<sublink>searchhd</sublink>
				<sublink>searchsd</sublink>
			</link>
			<thumbnail>https://image.tmdb.org/t/p/w1280/xczFwJhcCb2rUMylXam0Ni7Yn5o.jpg</thumbnail>
			<fanart>https://image.tmdb.org/t/p/w1280/5ldMfEYNk0fea8QQ0mjyrksIr1M.jpg</fanart>
		</item>
		<item>
			<title>The Family (I) (2013)</title>
			<meta>
				<content>movie</content>
				<imdb>tt2404311</imdb>
				<title>The Family</title>
				<year>I 2013</year>
			</meta>
			<link>
				<sublink>searchhd</sublink>
				<sublink>searchsd</sublink>
			</link>
			<thumbnail>https://image.tmdb.org/t/p/w1280/9Qnug9QrwUCQhd7dSfGJfJMO1zS.jpg</thumbnail>
			<fanart>https://image.tmdb.org/t/p/w1280/3igy0yH1ihCBbvzWo2AeldRzbSg.jpg</fanart>
		</item>
		<item>
			<title>The Fan (1996)</title>
			<meta>
				<content>movie</content>
				<imdb>tt0116277</imdb>
				<title>The Fan</title>
				<year>1996</year>
			</meta>
			<link>
				<sublink>searchhd</sublink>
				<sublink>searchsd</sublink>
			</link>
			<thumbnail>https://image.tmdb.org/t/p/w1280/fdW8T9kkYlPyOGh0V5eodFr8SQq.jpg</thumbnail>
			<fanart>https://image.tmdb.org/t/p/w1280/bFITxFD1GXRLdsb3AErnPPliNi9.jpg</fanart>
		</item>
		<item>
			<title>The Fate of the Furious (2017)</title>
			<meta>
				<content>movie</content>
				<imdb>tt4630562</imdb>
				<title>The Fate of the Furious</title>
				<year>2017</year>
			</meta>
			<link>
				<sublink>searchhd</sublink>
				<sublink>searchsd</sublink>
			</link>
			<thumbnail>https://image.tmdb.org/t/p/w1280/dImWM7GJqryWJO9LHa3XQ8DD5NH.jpg</thumbnail>
			<fanart>https://image.tmdb.org/t/p/w1280/jzdnhRhG0dsuYorwvSqPqqnM1cV.jpg</fanart>
		</item>
		<item>
			<title>The Fugitive (1993)</title>
			<meta>
				<content>movie</content>
				<imdb>tt0106977</imdb>
				<title>The Fugitive</title>
				<year>1993</year>
			</meta>
			<link>
				<sublink>searchhd</sublink>
				<sublink>searchsd</sublink>
			</link>
			<thumbnail>https://image.tmdb.org/t/p/w1280/3gzLGFBoJM1xlNk0Ulzp0cJ6uPp.jpg</thumbnail>
			<fanart>https://image.tmdb.org/t/p/w1280/nhLNyUCyyrTaTNOqwJ2Xlp9qYb4.jpg</fanart>
		</item>
		<item>
			<title>The Gift (2000)</title>
			<meta>
				<content>movie</content>
				<imdb>tt0219699</imdb>
				<title>The Gift</title>
				<year>2000</year>
			</meta>
			<link>
				<sublink>searchhd</sublink>
				<sublink>searchsd</sublink>
			</link>
			<thumbnail>https://image.tmdb.org/t/p/w1280/mC66QbJk1PbUrVMu3kh14adLpQl.jpg</thumbnail>
			<fanart>https://image.tmdb.org/t/p/w1280/17DPnjwKCVZKWwHAtGUt6XeO1MB.jpg</fanart>
		</item>
		<item>
			<title>The Great Gatsby (2013)</title>
			<meta>
				<content>movie</content>
				<imdb>tt1343092</imdb>
				<title>The Great Gatsby</title>
				<year>2013</year>
			</meta>
			<link>
				<sublink>searchhd</sublink>
				<sublink>searchsd</sublink>
			</link>
			<thumbnail>https://image.tmdb.org/t/p/w1280/oJpOYPpVWyPeunGbbDGH1KFvea0.jpg</thumbnail>
			<fanart>https://image.tmdb.org/t/p/w1280/w8RV2fu8eja5izgTnhaoL2uokqu.jpg</fanart>
		</item>
		<item>
			<title>The Great Gatsby (1974)</title>
			<meta>
				<content>movie</content>
				<imdb>tt0071577</imdb>
				<title>The Great Gatsby</title>
				<year>1974</year>
			</meta>
			<link>
				<sublink>searchhd</sublink>
				<sublink>searchsd</sublink>
			</link>
			<thumbnail>https://image.tmdb.org/t/p/w1280/9MLgkjflekg2b1CKMgRZrpMLqDs.jpg</thumbnail>
			<fanart>https://image.tmdb.org/t/p/w1280/uc0UUkz5D8a6OZQ0VUaUwOPRlAb.jpg</fanart>
		</item>
		<item>
			<title>The Grey (2011)</title>
			<meta>
				<content>movie</content>
				<imdb>tt1601913</imdb>
				<title>The Grey</title>
				<year>2011</year>
			</meta>
			<link>
				<sublink>searchhd</sublink>
				<sublink>searchsd</sublink>
			</link>
			<thumbnail>https://image.tmdb.org/t/p/w1280/bwN4x9RTLtDUDvaOWg4yvOBU38I.jpg</thumbnail>
			<fanart>https://image.tmdb.org/t/p/w1280/888jtZz0mWfANiml4Pfe9567o3X.jpg</fanart>
		</item>
		<item>
			<title>The Gunman (2015)</title>
			<meta>
				<content>movie</content>
				<imdb>tt2515034</imdb>
				<title>The Gunman</title>
				<year>2015</year>
			</meta>
			<link>
				<sublink>searchhd</sublink>
				<sublink>searchsd</sublink>
			</link>
			<thumbnail>https://image.tmdb.org/t/p/w1280/k7WX4UTkiWqef3pM20iuj122mL7.jpg</thumbnail>
			<fanart>https://image.tmdb.org/t/p/w1280/jVU1bRNcXCfX9LC8pj9Hp9McN7x.jpg</fanart>
		</item>
		<item>
			<title>The Heat (2013)</title>
			<meta>
				<content>movie</content>
				<imdb>tt2404463</imdb>
				<title>The Heat</title>
				<year>I 2013</year>
			</meta>
			<link>
				<sublink>searchhd</sublink>
				<sublink>searchsd</sublink>
			</link>
			<thumbnail>https://image.tmdb.org/t/p/w1280/tM3hDt8JcU8Y8i6vzTcbnocM2bx.jpg</thumbnail>
			<fanart>https://image.tmdb.org/t/p/w1280/2wKw8M6g7wj0RNz9zAeqU9s1BKl.jpg</fanart>
		</item>
		<item>
			<title>The Host (2013)</title>
			<meta>
				<content>movie</content>
				<imdb>tt1517260</imdb>
				<title>The Host</title>
				<year>2013</year>
			</meta>
			<link>
				<sublink>searchhd</sublink>
				<sublink>searchsd</sublink>
			</link>
			<thumbnail>https://image.tmdb.org/t/p/w1280/jnPOLAPQLhqMeDLV2BsQfrd6R11.jpg</thumbnail>
			<fanart>https://image.tmdb.org/t/p/w1280/j69L2Fhp6LpVNyn0FqQtoQGlw3r.jpg</fanart>
		</item>
		<item>
			<title>The Hunger (1983)</title>
			<meta>
				<content>movie</content>
				<imdb>tt0085701</imdb>
				<title>The Hunger</title>
				<year>1983</year>
			</meta>
			<link>
				<sublink>searchhd</sublink>
				<sublink>searchsd</sublink>
			</link>
			<thumbnail>https://image.tmdb.org/t/p/w1280/ua5BKMRDqchLWQiJi7HfXlxELec.jpg</thumbnail>
			<fanart>https://image.tmdb.org/t/p/w1280/nSeLgxW7GDJ1iWLlgghBJD0vtej.jpg</fanart>
		</item>
		<item>
			<title>The Hunt for Red October (1990)</title>
			<meta>
				<content>movie</content>
				<imdb>tt0099810</imdb>
				<title>The Hunt for Red October</title>
				<year>1990</year>
			</meta>
			<link>
				<sublink>searchhd</sublink>
				<sublink>searchsd</sublink>
			</link>
			<thumbnail>https://image.tmdb.org/t/p/w1280/bqvlKYlWq2uibsuVzKTWseeccd2.jpg</thumbnail>
			<fanart>https://image.tmdb.org/t/p/w1280/pXBGI43RCsbxNQNEPnkXC6GQMx3.jpg</fanart>
		</item>
		<item>
			<title>The Hurt Locker (2008)</title>
			<meta>
				<content>movie</content>
				<imdb>tt0887912</imdb>
				<title>The Hurt Locker</title>
				<year>2008</year>
			</meta>
			<link>
				<sublink>searchhd</sublink>
				<sublink>searchsd</sublink>
			</link>
			<thumbnail>https://image.tmdb.org/t/p/w1280/uduCNFTuEcbvhvK8rrvNdf3ahzW.jpg</thumbnail>
			<fanart>https://image.tmdb.org/t/p/w1280/3iPnZOXR9mpcK8RwvAW7b7Axr8v.jpg</fanart>
		</item>
		<item>
			<title>The Insider (1999)</title>
			<meta>
				<content>movie</content>
				<imdb>tt0140352</imdb>
				<title>The Insider</title>
				<year>1999</year>
			</meta>
			<link>
				<sublink>searchhd</sublink>
				<sublink>searchsd</sublink>
			</link>
			<thumbnail>https://image.tmdb.org/t/p/w1280/sYQsmMl4oG56NtFaNkDxuJhhODa.jpg</thumbnail>
			<fanart>https://image.tmdb.org/t/p/w1280/xra1bQnjUUNHSebQeRNKJdO2oJ6.jpg</fanart>
		</item>
		<item>
			<title>The International (2009)</title>
			<meta>
				<content>movie</content>
				<imdb>tt0963178</imdb>
				<title>The International</title>
				<year>I 2009</year>
			</meta>
			<link>
				<sublink>searchhd</sublink>
				<sublink>searchsd</sublink>
			</link>
			<thumbnail>https://image.tmdb.org/t/p/w1280/xwH65cbBMAoZ01kcRpQw2dCRsw0.jpg</thumbnail>
			<fanart>https://image.tmdb.org/t/p/w1280/bADjtiEq2kQ75UHkdnIe13CftsX.jpg</fanart>
		</item>
		<item>
			<title>The Island (2005)</title>
			<meta>
				<content>movie</content>
				<imdb>tt0399201</imdb>
				<title>The Island</title>
				<year>2005</year>
			</meta>
			<link>
				<sublink>searchhd</sublink>
				<sublink>searchsd</sublink>
			</link>
			<thumbnail>https://image.tmdb.org/t/p/w1280/zE9OTe7JvcX1jyFXs0GEL2f3RkZ.jpg</thumbnail>
			<fanart>https://image.tmdb.org/t/p/w1280/7gckgf6lmlKsjtkmS8O0oT3iEev.jpg</fanart>
		</item>
		<item>
			<title>The Kingdom (2007)</title>
			<meta>
				<content>movie</content>
				<imdb>tt0431197</imdb>
				<title>The Kingdom</title>
				<year>2007</year>
			</meta>
			<link>
				<sublink>searchhd</sublink>
				<sublink>searchsd</sublink>
			</link>
			<thumbnail>https://image.tmdb.org/t/p/w1280/83eJJlHscLsi9DHsqsyk1hIXL83.jpg</thumbnail>
			<fanart>https://image.tmdb.org/t/p/w1280/zGP9UgLsMUZUlZwR2s6wUk0Qgp5.jpg</fanart>
		</item>
		<item>
			<title>The Last Boy Scout (1991)</title>
			<meta>
				<content>movie</content>
				<imdb>tt0102266</imdb>
				<title>The Last Boy Scout</title>
				<year>1991</year>
			</meta>
			<link>
				<sublink>searchhd</sublink>
				<sublink>searchsd</sublink>
			</link>
			<thumbnail>https://image.tmdb.org/t/p/w1280/cTl2WqsERuZ5vYmAmtfsPIJBLr0.jpg</thumbnail>
			<fanart>https://image.tmdb.org/t/p/w1280/7crRVZFSGSrDk0wR3Lahxr1Fb7P.jpg</fanart>
		</item>
		<item>
			<title>The Last Samurai (2003)</title>
			<meta>
				<content>movie</content>
				<imdb>tt0325710</imdb>
				<title>The Last Samurai</title>
				<year>2003</year>
			</meta>
			<link>
				<sublink>searchhd</sublink>
				<sublink>searchsd</sublink>
			</link>
			<thumbnail>https://image.tmdb.org/t/p/w1280/sLv5pXysIz7QbtKFJy85d5yxv2W.jpg</thumbnail>
			<fanart>https://image.tmdb.org/t/p/w1280/cQ6oBTUkkl26Ndmpte2wYEdACBu.jpg</fanart>
		</item>
		<item>
			<title>The Last of the Mohicans (1992)</title>
			<meta>
				<content>movie</content>
				<imdb>tt0104691</imdb>
				<title>The Last of the Mohicans</title>
				<year>1992</year>
			</meta>
			<link>
				<sublink>searchhd</sublink>
				<sublink>searchsd</sublink>
			</link>
			<thumbnail>https://image.tmdb.org/t/p/w1280/6FHoUoYrfmwXJsDIR0s8YvV1Ctj.jpg</thumbnail>
			<fanart>https://image.tmdb.org/t/p/w1280/fRkIu9XNb4Xi9k5ikAxGTiDrj1G.jpg</fanart>
		</item>
		<item>
			<title>Jui kuen II (1994)</title>
			<meta>
				<content>movie</content>
				<imdb>tt0111512</imdb>
				<title>Jui kuen II</title>
				<year>1994</year>
			</meta>
			<link>
				<sublink>searchhd</sublink>
				<sublink>searchsd</sublink>
			</link>
			<thumbnail>https://image.tmdb.org/t/p/w1280/gTUrOvD1j7g2T7OtRHG0fHE8kaB.jpg</thumbnail>
			<fanart>https://image.tmdb.org/t/p/w1280/9ajYP2DlI3loIT0vVJPWerLvNAt.jpg</fanart>
		</item>
		<item>
			<title>The Legend of Hercules (2014)</title>
			<meta>
				<content>movie</content>
				<imdb>tt1043726</imdb>
				<title>The Legend of Hercules</title>
				<year>2014</year>
			</meta>
			<link>
				<sublink>searchhd</sublink>
				<sublink>searchsd</sublink>
			</link>
			<thumbnail>https://image.tmdb.org/t/p/w1280/eIHrBHeqfQodgEjSPdZWh9b5lV3.jpg</thumbnail>
			<fanart>https://image.tmdb.org/t/p/w1280/5W1jTxgPcoTKbXLb0fgMDrbphpH.jpg</fanart>
		</item>
		<item>
			<title>The Lone Ranger (2013)</title>
			<meta>
				<content>movie</content>
				<imdb>tt1210819</imdb>
				<title>The Lone Ranger</title>
				<year>2013</year>
			</meta>
			<link>
				<sublink>searchhd</sublink>
				<sublink>searchsd</sublink>
			</link>
			<thumbnail>https://image.tmdb.org/t/p/w1280/b4vil5ueYJNBNypHmo1tpuevh4z.jpg</thumbnail>
			<fanart>https://image.tmdb.org/t/p/w1280/sgcgfrlOOB6lVXbfl75YTszF4jI.jpg</fanart>
		</item>
		<item>
			<title>The Lords of Salem (2012)</title>
			<meta>
				<content>movie</content>
				<imdb>tt1731697</imdb>
				<title>The Lords of Salem</title>
				<year>2012</year>
			</meta>
			<link>
				<sublink>searchhd</sublink>
				<sublink>searchsd</sublink>
			</link>
			<thumbnail>https://image.tmdb.org/t/p/w1280/1McyfXZO1F0zfrpbqqz3DvvlZ73.jpg</thumbnail>
			<fanart>https://image.tmdb.org/t/p/w1280/1a7qD3kTVVIj8HDXXxviWJ1Hinu.jpg</fanart>
		</item>
		<item>
			<title>The Martian (2015)</title>
			<meta>
				<content>movie</content>
				<imdb>tt3659388</imdb>
				<title>The Martian</title>
				<year>2015</year>
			</meta>
			<link>
				<sublink>searchhd</sublink>
				<sublink>searchsd</sublink>
			</link>
			<thumbnail>https://image.tmdb.org/t/p/w1280/5aGhaIHYuQbqlHWvWYqMCnj40y2.jpg</thumbnail>
			<fanart>https://image.tmdb.org/t/p/w1280/sy3e2e4JwdAtd2oZGA2uUilZe8j.jpg</fanart>
		</item>
		<item>
			<title>The Mask of Zorro (1998)</title>
			<meta>
				<content>movie</content>
				<imdb>tt0120746</imdb>
				<title>The Mask of Zorro</title>
				<year>1998</year>
			</meta>
			<link>
				<sublink>searchhd</sublink>
				<sublink>searchsd</sublink>
			</link>
			<thumbnail>https://image.tmdb.org/t/p/w1280/QBxafkXiqUadYWsVZGhi8qyPT6.jpg</thumbnail>
			<fanart>https://image.tmdb.org/t/p/w1280/zQu6bClLL0wnrHDlQYA43wtSiWg.jpg</fanart>
		</item>
		<item>
			<title>The Matrix (1999)</title>
			<meta>
				<content>movie</content>
				<imdb>tt0133093</imdb>
				<title>The Matrix</title>
				<year>1999</year>
			</meta>
			<link>
				<sublink>searchhd</sublink>
				<sublink>searchsd</sublink>
			</link>
			<thumbnail>https://image.tmdb.org/t/p/w1280/hEpWvX6Bp79eLxY1kX5ZZJcme5U.jpg</thumbnail>
			<fanart>https://image.tmdb.org/t/p/w1280/7u3pxc0K1wx32IleAkLv78MKgrw.jpg</fanart>
		</item>
		<item>
			<title>The Matrix Reloaded (2003)</title>
			<meta>
				<content>movie</content>
				<imdb>tt0234215</imdb>
				<title>The Matrix Reloaded</title>
				<year>2003</year>
			</meta>
			<link>
				<sublink>searchhd</sublink>
				<sublink>searchsd</sublink>
			</link>
			<thumbnail>https://image.tmdb.org/t/p/w1280/ezIurBz2fdUc68d98Fp9dRf5ihv.jpg</thumbnail>
			<fanart>https://image.tmdb.org/t/p/w1280/Fp3piEuHXxKnPBO5R0Wj4wjZHg.jpg</fanart>
		</item>
		<item>
			<title>The Matrix Revolutions (2003)</title>
			<meta>
				<content>movie</content>
				<imdb>tt0242653</imdb>
				<title>The Matrix Revolutions</title>
				<year>2003</year>
			</meta>
			<link>
				<sublink>searchhd</sublink>
				<sublink>searchsd</sublink>
			</link>
			<thumbnail>https://image.tmdb.org/t/p/w1280/sKogjhfs5q3azmpW7DFKKAeLEG8.jpg</thumbnail>
			<fanart>https://image.tmdb.org/t/p/w1280/pdVHUsb2eEz9ALNTr6wfRJe5xVa.jpg</fanart>
		</item>
		<item>
			<title>Joan of Arc (1999)</title>
			<meta>
				<content>movie</content>
				<imdb>tt0151137</imdb>
				<title>Joan of Arc</title>
				<year>1999</year>
			</meta>
			<link>
				<sublink>searchhd</sublink>
				<sublink>searchsd</sublink>
			</link>
			<thumbnail>https://image.tmdb.org/t/p/w1280/3XCzDTqh4X5YHxwys0IOpDyi7ly.jpg</thumbnail>
			<fanart>https://image.tmdb.org/t/p/w1280/xh0UGiLqfM1OfRBvmQ5AVF4h0dj.jpg</fanart>
		</item>
		<item>
			<title>The Natural (1984)</title>
			<meta>
				<content>movie</content>
				<imdb>tt0087781</imdb>
				<title>The Natural</title>
				<year>1984</year>
			</meta>
			<link>
				<sublink>searchhd</sublink>
				<sublink>searchsd</sublink>
			</link>
			<thumbnail>https://image.tmdb.org/t/p/w1280/f1iPiQoYbQ40XsJHPyMIiBmSrDB.jpg</thumbnail>
			<fanart>https://image.tmdb.org/t/p/w1280/mZGGoFWy8pCUDse0iFTG6uEkQW9.jpg</fanart>
		</item>
		<item>
			<title>The Net (1995)</title>
			<meta>
				<content>movie</content>
				<imdb>tt0113957</imdb>
				<title>The Net</title>
				<year>1995</year>
			</meta>
			<link>
				<sublink>searchhd</sublink>
				<sublink>searchsd</sublink>
			</link>
			<thumbnail>https://image.tmdb.org/t/p/w1280/gKDNaAFzT21cSVeKQop7d1uhoSp.jpg</thumbnail>
			<fanart>https://image.tmdb.org/t/p/w1280/uBqa8nPu3HUtfSHtWqo7VhYG0Uc.jpg</fanart>
		</item>
		<item>
			<title>The Nice Guys (2016)</title>
			<meta>
				<content>movie</content>
				<imdb>tt3799694</imdb>
				<title>The Nice Guys</title>
				<year>2016</year>
			</meta>
			<link>
				<sublink>searchhd</sublink>
				<sublink>searchsd</sublink>
			</link>
			<thumbnail>https://image.tmdb.org/t/p/w1280/pbJ1vNwK9X6ZQm2vxarxcLJ0aGn.jpg</thumbnail>
			<fanart>https://image.tmdb.org/t/p/w1280/i7cfiBGnOZNQcT4zRHqQx1XGVT8.jpg</fanart>
		</item>
		<item>
			<title>The November Man (2014)</title>
			<meta>
				<content>movie</content>
				<imdb>tt2402157</imdb>
				<title>The November Man</title>
				<year>2014</year>
			</meta>
			<link>
				<sublink>searchhd</sublink>
				<sublink>searchsd</sublink>
			</link>
			<thumbnail>https://image.tmdb.org/t/p/w1280/lcg1bkriMVvc8m0jz5zk0yvzVTA.jpg</thumbnail>
			<fanart>https://image.tmdb.org/t/p/w1280/hSvpWAVXC781u5rOgI44799p2WL.jpg</fanart>
		</item>
		<item>
			<title>The Paperboy (2012)</title>
			<meta>
				<content>movie</content>
				<imdb>tt1496422</imdb>
				<title>The Paperboy</title>
				<year>2012</year>
			</meta>
			<link>
				<sublink>searchhd</sublink>
				<sublink>searchsd</sublink>
			</link>
			<thumbnail>https://image.tmdb.org/t/p/w1280/foYlHgTIT8PFOeHOFxBICDZmYrm.jpg</thumbnail>
			<fanart>https://image.tmdb.org/t/p/w1280/atMRLGuU69e2SVSY8A7EwhWz0ip.jpg</fanart>
		</item>
		<item>
			<title>The Patriot (2000)</title>
			<meta>
				<content>movie</content>
				<imdb>tt0187393</imdb>
				<title>The Patriot</title>
				<year>2000</year>
			</meta>
			<link>
				<sublink>searchhd</sublink>
				<sublink>searchsd</sublink>
			</link>
			<thumbnail>https://image.tmdb.org/t/p/w1280/tgXOraQmKatqrVs2KMgnNn6QpO.jpg</thumbnail>
			<fanart>https://image.tmdb.org/t/p/w1280/lFfll0tmi5a6p9RvSIxpKBbrxY2.jpg</fanart>
		</item>
		<item>
			<title>The Perks of Being a Wallflower (2012)</title>
			<meta>
				<content>movie</content>
				<imdb>tt1659337</imdb>
				<title>The Perks of Being a Wallflower</title>
				<year>2012</year>
			</meta>
			<link>
				<sublink>searchhd</sublink>
				<sublink>searchsd</sublink>
			</link>
			<thumbnail>https://image.tmdb.org/t/p/w1280/cyNQLnHnXZcTUDXVVSEYmquOTOI.jpg</thumbnail>
			<fanart>https://image.tmdb.org/t/p/w1280/yvZfKUEppwrBSnsawzZzfSQaKoN.jpg</fanart>
		</item>
		<item>
			<title>The Place Beyond the Pines (2012)</title>
			<meta>
				<content>movie</content>
				<imdb>tt1817273</imdb>
				<title>The Place Beyond the Pines</title>
				<year>2012</year>
			</meta>
			<link>
				<sublink>searchhd</sublink>
				<sublink>searchsd</sublink>
			</link>
			<thumbnail>https://image.tmdb.org/t/p/w1280/cdsRBoAditFXVhSr8SgnJ2WTBkX.jpg</thumbnail>
			<fanart>https://image.tmdb.org/t/p/w1280/kamIvkwKZUdUgxtudMThuY8EiJ4.jpg</fanart>
		</item>
		<item>
			<title>The Predator (2018)</title>
			<meta>
				<content>movie</content>
				<imdb>tt3829266</imdb>
				<title>The Predator</title>
				<year>2018</year>
			</meta>
			<link>
				<sublink>searchhd</sublink>
				<sublink>searchsd</sublink>
			</link>
			<thumbnail>https://image.tmdb.org/t/p/w1280/r12SXV9zoSxKpP5qoNTu4CoIsuB.jpg</thumbnail>
			<fanart>https://image.tmdb.org/t/p/w1280/wJf7utJdTo49FQ2PFih4a6tiEab.jpg</fanart>
		</item>
		<item>
			<title>The Replacement Killers (1998)</title>
			<meta>
				<content>movie</content>
				<imdb>tt0120008</imdb>
				<title>The Replacement Killers</title>
				<year>1998</year>
			</meta>
			<link>
				<sublink>searchhd</sublink>
				<sublink>searchsd</sublink>
			</link>
			<thumbnail>https://image.tmdb.org/t/p/w1280/w3a8vGtEyCPypK1muKOO6h1VLAY.jpg</thumbnail>
			<fanart>https://image.tmdb.org/t/p/w1280/4eOlKrgGDfTncQTwVhm2I4A5Tlo.jpg</fanart>
		</item>
		<item>
			<title>Mad Max 2 (1981)</title>
			<meta>
				<content>movie</content>
				<imdb>tt0082694</imdb>
				<title>Mad Max 2</title>
				<year>1981</year>
			</meta>
			<link>
				<sublink>searchhd</sublink>
				<sublink>searchsd</sublink>
			</link>
			<thumbnail>https://image.tmdb.org/t/p/w1280/voNuYkvQgDSqijCDllEaRntq7ln.jpg</thumbnail>
			<fanart>https://image.tmdb.org/t/p/w1280/etybioibi04QJK9xxn3Rv5NLuKs.jpg</fanart>
		</item>
		<item>
			<title>The Rock (1996)</title>
			<meta>
				<content>movie</content>
				<imdb>tt0117500</imdb>
				<title>The Rock</title>
				<year>1996</year>
			</meta>
			<link>
				<sublink>searchhd</sublink>
				<sublink>searchsd</sublink>
			</link>
			<thumbnail>https://image.tmdb.org/t/p/w1280/pAVaLJQBRM4JlZEGXvezwbxOd15.jpg</thumbnail>
			<fanart>https://image.tmdb.org/t/p/w1280/oxDIJiMnOebGkz1fD60SHbHhiTX.jpg</fanart>
		</item>
		<item>
			<title>The Specialist (1994)</title>
			<meta>
				<content>movie</content>
				<imdb>tt0111255</imdb>
				<title>The Specialist</title>
				<year>1994</year>
			</meta>
			<link>
				<sublink>searchhd</sublink>
				<sublink>searchsd</sublink>
			</link>
			<thumbnail>https://image.tmdb.org/t/p/w1280/flK0OtdFRvfbs5BixEqU327H8ZB.jpg</thumbnail>
			<fanart>https://image.tmdb.org/t/p/w1280/dcHU8hCNqo5TEPLJSX4nFW2jDVY.jpg</fanart>
		</item>
		<item>
			<title>The Taking of Pelham 123 (2009)</title>
			<meta>
				<content>movie</content>
				<imdb>tt1111422</imdb>
				<title>The Taking of Pelham 123</title>
				<year>2009</year>
			</meta>
			<link>
				<sublink>searchhd</sublink>
				<sublink>searchsd</sublink>
			</link>
			<thumbnail>https://image.tmdb.org/t/p/w1280/rqbG1uRKSNDLnDx1Jl7LBc4AtSy.jpg</thumbnail>
			<fanart>https://image.tmdb.org/t/p/w1280/eltn62uDNkDg27dhQS6nVvmLKIU.jpg</fanart>
		</item>
		<item>
			<title>The Thing (1982)</title>
			<meta>
				<content>movie</content>
				<imdb>tt0084787</imdb>
				<title>The Thing</title>
				<year>1982</year>
			</meta>
			<link>
				<sublink>searchhd</sublink>
				<sublink>searchsd</sublink>
			</link>
			<thumbnail>https://image.tmdb.org/t/p/w1280/s5fH3GqFcHbi2F0NSBSh4KRNTc0.jpg</thumbnail>
			<fanart>https://image.tmdb.org/t/p/w1280/7mdGrxp3ZL2OqNSrQ5LoYySi5MH.jpg</fanart>
		</item>
		<item>
			<title>The Thomas Crown Affair (1999)</title>
			<meta>
				<content>movie</content>
				<imdb>tt0155267</imdb>
				<title>The Thomas Crown Affair</title>
				<year>1999</year>
			</meta>
			<link>
				<sublink>searchhd</sublink>
				<sublink>searchsd</sublink>
			</link>
			<thumbnail>https://image.tmdb.org/t/p/w1280/jpRUaqNuQInXxdsLIncGJW5u3u2.jpg</thumbnail>
			<fanart>https://image.tmdb.org/t/p/w1280/wnm7ySqYugSMhu4wTdMbkueqNHP.jpg</fanart>
		</item>
		<item>
			<title>The Three Musketeers (2011)</title>
			<meta>
				<content>movie</content>
				<imdb>tt1509767</imdb>
				<title>The Three Musketeers</title>
				<year>2011</year>
			</meta>
			<link>
				<sublink>searchhd</sublink>
				<sublink>searchsd</sublink>
			</link>
			<thumbnail>https://image.tmdb.org/t/p/w1280/n8ob0xjLIjnvqgWY57rPQYOw7t.jpg</thumbnail>
			<fanart>https://image.tmdb.org/t/p/w1280/4YNvdDlnwQF00KyS02QnLoCuoFc.jpg</fanart>
		</item>
		<item>
			<title>The Transporter (2002)</title>
			<meta>
				<content>movie</content>
				<imdb>tt0293662</imdb>
				<title>The Transporter</title>
				<year>2002</year>
			</meta>
			<link>
				<sublink>searchhd</sublink>
				<sublink>searchsd</sublink>
			</link>
			<thumbnail>https://image.tmdb.org/t/p/w1280/vD5plFV1ec9CSIsdlPe9icCDRTL.jpg</thumbnail>
			<fanart>https://image.tmdb.org/t/p/w1280/poKaphSqmgC1vtUYGagzyU4KP2m.jpg</fanart>
		</item>
		<item>
			<title>The Transporter Refueled (2015)</title>
			<meta>
				<content>movie</content>
				<imdb>tt2938956</imdb>
				<title>The Transporter Refueled</title>
				<year>2015</year>
			</meta>
			<link>
				<sublink>searchhd</sublink>
				<sublink>searchsd</sublink>
			</link>
			<thumbnail>https://image.tmdb.org/t/p/w1280/zW7oC3tucYLzu77xNbPbYjXUN4o.jpg</thumbnail>
			<fanart>https://image.tmdb.org/t/p/w1280/wxC0fO9fkNvdLr2joeE4AypuA3s.jpg</fanart>
		</item>
		<item>
			<title>The Untouchables (1987)</title>
			<meta>
				<content>movie</content>
				<imdb>tt0094226</imdb>
				<title>The Untouchables</title>
				<year>1987</year>
			</meta>
			<link>
				<sublink>searchhd</sublink>
				<sublink>searchsd</sublink>
			</link>
			<thumbnail>https://image.tmdb.org/t/p/w1280/qx4CDBhJDX5LQoVZ8UXPxQy5pt7.jpg</thumbnail>
			<fanart>https://image.tmdb.org/t/p/w1280/4cJv0cghFaJfepzGdOyqeNaJWYb.jpg</fanart>
		</item>
		<item>
			<title>The Vanishing (1993)</title>
			<meta>
				<content>movie</content>
				<imdb>tt0108473</imdb>
				<title>The Vanishing</title>
				<year>1993</year>
			</meta>
			<link>
				<sublink>searchhd</sublink>
				<sublink>searchsd</sublink>
			</link>
			<thumbnail>https://image.tmdb.org/t/p/w1280/sfgbgbOZUZHRuE3vZ1f1tGOjn8g.jpg</thumbnail>
			<fanart>https://image.tmdb.org/t/p/w1280/4se9tOD7rlzVR5DF94UqRgJZzcr.jpg</fanart>
		</item>
		<item>
			<title>The Wolverine (2013)</title>
			<meta>
				<content>movie</content>
				<imdb>tt1430132</imdb>
				<title>The Wolverine</title>
				<year>2013</year>
			</meta>
			<link>
				<sublink>searchhd</sublink>
				<sublink>searchsd</sublink>
			</link>
			<thumbnail>https://image.tmdb.org/t/p/w1280/iTST6DcLhfufWYUKCOskkusaYUq.jpg</thumbnail>
			<fanart>https://image.tmdb.org/t/p/w1280/oFyaTmJ5ZPPl16uB4Ry9pWKvtDc.jpg</fanart>
		</item>
		<item>
			<title>This Is the End (2013)</title>
			<meta>
				<content>movie</content>
				<imdb>tt1245492</imdb>
				<title>This Is the End</title>
				<year>2013</year>
			</meta>
			<link>
				<sublink>searchhd</sublink>
				<sublink>searchsd</sublink>
			</link>
			<thumbnail>https://image.tmdb.org/t/p/w1280/bmdv8Fshq0ZUt1jfyVusJGz8wAf.jpg</thumbnail>
			<fanart>https://image.tmdb.org/t/p/w1280/s7p708Zf4a3CxXZeqEJN0YoU3x.jpg</fanart>
		</item>
		<item>
			<title>Timecop (1994)</title>
			<meta>
				<content>movie</content>
				<imdb>tt0111438</imdb>
				<title>Timecop</title>
				<year>1994</year>
			</meta>
			<link>
				<sublink>searchhd</sublink>
				<sublink>searchsd</sublink>
			</link>
			<thumbnail>https://image.tmdb.org/t/p/w1280/q2ENMsGRUmoglHKPyOQe2fdy1cb.jpg</thumbnail>
			<fanart>https://image.tmdb.org/t/p/w1280/3iDik1VJkpZbmUNNOKHlWKu3or4.jpg</fanart>
		</item>
		<item>
			<title>Top Gun (1986)</title>
			<meta>
				<content>movie</content>
				<imdb>tt0092099</imdb>
				<title>Top Gun</title>
				<year>1986</year>
			</meta>
			<link>
				<sublink>searchhd</sublink>
				<sublink>searchsd</sublink>
			</link>
			<thumbnail>https://image.tmdb.org/t/p/w1280/orGXnBKfT41LxZhitLkXhqUfJJW.jpg</thumbnail>
			<fanart>https://image.tmdb.org/t/p/w1280/9GyBSsMiGkPSk4OESIYZuedijBI.jpg</fanart>
		</item>
		<item>
			<title>Trance (I) (2013)</title>
			<meta>
				<content>movie</content>
				<imdb>tt1924429</imdb>
				<title>Trance</title>
				<year>I 2013</year>
			</meta>
			<link>
				<sublink>searchhd</sublink>
				<sublink>searchsd</sublink>
			</link>
			<thumbnail>https://image.tmdb.org/t/p/w1280/cr1vVtymoiW23ETEycUgiAZYMur.jpg</thumbnail>
			<fanart>https://image.tmdb.org/t/p/w1280/bsa7cusK4Uw7wX7szy8ilXiJavN.jpg</fanart>
		</item>
		<item>
			<title>Transformers (2007)</title>
			<meta>
				<content>movie</content>
				<imdb>tt0418279</imdb>
				<title>Transformers</title>
				<year>2007</year>
			</meta>
			<link>
				<sublink>searchhd</sublink>
				<sublink>searchsd</sublink>
			</link>
			<thumbnail>https://image.tmdb.org/t/p/w1280/bgSHbGEA1OM6qDs3Qba4VlSZsNG.jpg</thumbnail>
			<fanart>https://image.tmdb.org/t/p/w1280/qMg2eSEnPrqT6uBjrLTzqzP2sHp.jpg</fanart>
		</item>
		<item>
			<title>Transformers: Age of Extinction (2014)</title>
			<meta>
				<content>movie</content>
				<imdb>tt2109248</imdb>
				<title>Transformers: Age of Extinction</title>
				<year>2014</year>
			</meta>
			<link>
				<sublink>searchhd</sublink>
				<sublink>searchsd</sublink>
			</link>
			<thumbnail>https://image.tmdb.org/t/p/w1280/ykIZB9dYBIKV13k5igGFncT5th6.jpg</thumbnail>
			<fanart>https://image.tmdb.org/t/p/w1280/cHy7nSitAVgvZ7qfCK4JO47t3oZ.jpg</fanart>
		</item>
		<item>
			<title>Transformers: Dark of the Moon (2011)</title>
			<meta>
				<content>movie</content>
				<imdb>tt1399103</imdb>
				<title>Transformers: Dark of the Moon</title>
				<year>2011</year>
			</meta>
			<link>
				<sublink>searchhd</sublink>
				<sublink>searchsd</sublink>
			</link>
			<thumbnail>https://image.tmdb.org/t/p/w1280/sZY3ls18QTY0pFBJn2vl2MmauTQ.jpg</thumbnail>
			<fanart>https://image.tmdb.org/t/p/w1280/pFc0IBKfRS16wVmZuZ1mpfP239X.jpg</fanart>
		</item>
		<item>
			<title>Transformers: Revenge of the Fallen (2009)</title>
			<meta>
				<content>movie</content>
				<imdb>tt1055369</imdb>
				<title>Transformers: Revenge of the Fallen</title>
				<year>2009</year>
			</meta>
			<link>
				<sublink>searchhd</sublink>
				<sublink>searchsd</sublink>
			</link>
			<thumbnail>https://image.tmdb.org/t/p/w1280/kVISXAXDYhjQCfu50QZeCCzzbPv.jpg</thumbnail>
			<fanart>https://image.tmdb.org/t/p/w1280/tg7UGXaUROpzY5ppPh7dnvy4l7P.jpg</fanart>
		</item>
		<item>
			<title>Transporter 2 (2005)</title>
			<meta>
				<content>movie</content>
				<imdb>tt0388482</imdb>
				<title>Transporter 2</title>
				<year>2005</year>
			</meta>
			<link>
				<sublink>searchhd</sublink>
				<sublink>searchsd</sublink>
			</link>
			<thumbnail>https://image.tmdb.org/t/p/w1280/bZKkwfQf4mHYlNbmViNjmAN60zY.jpg</thumbnail>
			<fanart>https://image.tmdb.org/t/p/w1280/oda7cPvPd1EOcJgWrtiMviybPrp.jpg</fanart>
		</item>
		<item>
			<title>Transporter 3 (2008)</title>
			<meta>
				<content>movie</content>
				<imdb>tt1129442</imdb>
				<title>Transporter 3</title>
				<year>2008</year>
			</meta>
			<link>
				<sublink>searchhd</sublink>
				<sublink>searchsd</sublink>
			</link>
			<thumbnail>https://image.tmdb.org/t/p/w1280/d3rokRfJUtSg3wFaTdUKKodhfaA.jpg</thumbnail>
			<fanart>https://image.tmdb.org/t/p/w1280/rgkPGIxOWKSvQjAhn0mLuYvqfLO.jpg</fanart>
		</item>
		<item>
			<title>Troy (2004)</title>
			<meta>
				<content>movie</content>
				<imdb>tt0332452</imdb>
				<title>Troy</title>
				<year>2004</year>
			</meta>
			<link>
				<sublink>searchhd</sublink>
				<sublink>searchsd</sublink>
			</link>
			<thumbnail>https://image.tmdb.org/t/p/w1280/edMlij7nw2NMla32xskDnzMCFBM.jpg</thumbnail>
			<fanart>https://image.tmdb.org/t/p/w1280/lIyNUZbIeEwWpaWXAO5gnciB8Dq.jpg</fanart>
		</item>
		<item>
			<title>True Lies (1994)</title>
			<meta>
				<content>movie</content>
				<imdb>tt0111503</imdb>
				<title>True Lies</title>
				<year>1994</year>
			</meta>
			<link>
				<sublink>searchhd</sublink>
				<sublink>searchsd</sublink>
			</link>
			<thumbnail>https://image.tmdb.org/t/p/w1280/mTAHr5h5i64hTLqo0cW2X2083Cx.jpg</thumbnail>
			<fanart>https://image.tmdb.org/t/p/w1280/eQZCyr28X5rRxlAm7EUofX3Jhxm.jpg</fanart>
		</item>
		<item>
			<title>True Romance (1993)</title>
			<meta>
				<content>movie</content>
				<imdb>tt0108399</imdb>
				<title>True Romance</title>
				<year>1993</year>
			</meta>
			<link>
				<sublink>searchhd</sublink>
				<sublink>searchsd</sublink>
			</link>
			<thumbnail>https://image.tmdb.org/t/p/w1280/xBO8R3CZfrJ9rrwrZoJ68PgJyAR.jpg</thumbnail>
			<fanart>https://image.tmdb.org/t/p/w1280/f0qqTEyVmmztypEMV3THRdnBjFj.jpg</fanart>
		</item>
		<item>
			<title>Unforgiven (1992)</title>
			<meta>
				<content>movie</content>
				<imdb>tt0105695</imdb>
				<title>Unforgiven</title>
				<year>1992</year>
			</meta>
			<link>
				<sublink>searchhd</sublink>
				<sublink>searchsd</sublink>
			</link>
			<thumbnail>https://image.tmdb.org/t/p/w1280/km6qw4qUkHQRN5y2U1juM1WkBFh.jpg</thumbnail>
			<fanart>https://image.tmdb.org/t/p/w1280/nKYH8DaWjKE3RhEyaa0Ue01kPCp.jpg</fanart>
		</item>
		<item>
			<title>Universal Soldier (1992)</title>
			<meta>
				<content>movie</content>
				<imdb>tt0105698</imdb>
				<title>Universal Soldier</title>
				<year>1992</year>
			</meta>
			<link>
				<sublink>searchhd</sublink>
				<sublink>searchsd</sublink>
			</link>
			<thumbnail>https://image.tmdb.org/t/p/w1280/jABswtfPt03TWjfJnUJ3HmMWWjT.jpg</thumbnail>
			<fanart>https://image.tmdb.org/t/p/w1280/vDzW5BmYnuHbDiMJ6je5E9FLzEJ.jpg</fanart>
		</item>
		<item>
			<title>Unleashed (2005)</title>
			<meta>
				<content>movie</content>
				<imdb>tt0342258</imdb>
				<title>Unleashed</title>
				<year>2005</year>
			</meta>
			<link>
				<sublink>searchhd</sublink>
				<sublink>searchsd</sublink>
			</link>
			<thumbnail>https://image.tmdb.org/t/p/w1280/hfyZgFOjZAk10YlsRl9krBMuQ9K.jpg</thumbnail>
			<fanart>https://image.tmdb.org/t/p/w1280/xd3hJY0064vBH6eUBlK9V3G1TkX.jpg</fanart>
		</item>
		<item>
			<title>Unstoppable (2010)</title>
			<meta>
				<content>movie</content>
				<imdb>tt0477080</imdb>
				<title>Unstoppable</title>
				<year>2010</year>
			</meta>
			<link>
				<sublink>searchhd</sublink>
				<sublink>searchsd</sublink>
			</link>
			<thumbnail>https://image.tmdb.org/t/p/w1280/b2uI9tSssC4D7vCgdES6IZJXuCs.jpg</thumbnail>
			<fanart>https://image.tmdb.org/t/p/w1280/pddDWflAgEUex06MOjfRmAl9ZWq.jpg</fanart>
		</item>
		<item>
			<title>Valerian and the City of a Thousand Planets (2017)</title>
			<meta>
				<content>movie</content>
				<imdb>tt2239822</imdb>
				<title>Valerian and the City of a Thousand Planets</title>
				<year>2017</year>
			</meta>
			<link>
				<sublink>searchhd</sublink>
				<sublink>searchsd</sublink>
			</link>
			<thumbnail>https://image.tmdb.org/t/p/w1280/jfIpMh79fGRqYJ6PwZLCntzgxlF.jpg</thumbnail>
			<fanart>https://image.tmdb.org/t/p/w1280/xniozTQSuimoQGEdV6ieUQPRTyu.jpg</fanart>
		</item>
		<item>
			<title>Vanilla Sky (2001)</title>
			<meta>
				<content>movie</content>
				<imdb>tt0259711</imdb>
				<title>Vanilla Sky</title>
				<year>2001</year>
			</meta>
			<link>
				<sublink>searchhd</sublink>
				<sublink>searchsd</sublink>
			</link>
			<thumbnail>https://image.tmdb.org/t/p/w1280/ujMy9P4VczTW9YSpAM31uqdOMpz.jpg</thumbnail>
			<fanart>https://image.tmdb.org/t/p/w1280/6XwX3HzKhlBUbTy2qZx0THQOu2T.jpg</fanart>
		</item>
		<item>
			<title>Wanted (2008)</title>
			<meta>
				<content>movie</content>
				<imdb>tt0493464</imdb>
				<title>Wanted</title>
				<year>2008</year>
			</meta>
			<link>
				<sublink>searchhd</sublink>
				<sublink>searchsd</sublink>
			</link>
			<thumbnail>https://image.tmdb.org/t/p/w1280/mUrkppyahzk6koYFekxeu0tmcPd.jpg</thumbnail>
			<fanart>https://image.tmdb.org/t/p/w1280/nUqFvwyLwZwT6Y3phbRNliTimZ5.jpg</fanart>
		</item>
		<item>
			<title>War of the Worlds (2005)</title>
			<meta>
				<content>movie</content>
				<imdb>tt0407304</imdb>
				<title>War of the Worlds</title>
				<year>2005</year>
			</meta>
			<link>
				<sublink>searchhd</sublink>
				<sublink>searchsd</sublink>
			</link>
			<thumbnail>https://image.tmdb.org/t/p/w1280/xXMM9KY2eq1SDOQif9zO91YOBA8.jpg</thumbnail>
			<fanart>https://image.tmdb.org/t/p/w1280/bwTb66gicrB7HbkogwNs9V37Ddb.jpg</fanart>
		</item>
		<item>
			<title>Welcome to the Punch (2013)</title>
			<meta>
				<content>movie</content>
				<imdb>tt1684233</imdb>
				<title>Welcome to the Punch</title>
				<year>2013</year>
			</meta>
			<link>
				<sublink>searchhd</sublink>
				<sublink>searchsd</sublink>
			</link>
			<thumbnail>https://image.tmdb.org/t/p/w1280/iX4zxMPuQPpaUpbwG1vBHR78XcW.jpg</thumbnail>
			<fanart>https://image.tmdb.org/t/p/w1280/ncd51Nzk7a6DJKpD5FIMx9iRbWY.jpg</fanart>
		</item>
		<item>
			<title>Welcome to the Rileys (2010)</title>
			<meta>
				<content>movie</content>
				<imdb>tt1183923</imdb>
				<title>Welcome to the Rileys</title>
				<year>2010</year>
			</meta>
			<link>
				<sublink>searchhd</sublink>
				<sublink>searchsd</sublink>
			</link>
			<thumbnail>https://image.tmdb.org/t/p/w1280/wYvKY1JOQjKWoZVdclOZuI8ZPHt.jpg</thumbnail>
			<fanart>https://image.tmdb.org/t/p/w1280/4OM2rGfjV1a4s2QT6gN2Fm3cYWh.jpg</fanart>
		</item>
		<item>
			<title>White House Down (2013)</title>
			<meta>
				<content>movie</content>
				<imdb>tt2334879</imdb>
				<title>White House Down</title>
				<year>2013</year>
			</meta>
			<link>
				<sublink>searchhd</sublink>
				<sublink>searchsd</sublink>
			</link>
			<thumbnail>https://image.tmdb.org/t/p/w1280/niYdnzkrtBduR5lKtfeLXKXNaTT.jpg</thumbnail>
			<fanart>https://image.tmdb.org/t/p/w1280/dyVFl6I0IQEKE3YAbLKwYLGymyp.jpg</fanart>
		</item>
		<item>
			<title>Windtalkers (2002)</title>
			<meta>
				<content>movie</content>
				<imdb>tt0245562</imdb>
				<title>Windtalkers</title>
				<year>2002</year>
			</meta>
			<link>
				<sublink>searchhd</sublink>
				<sublink>searchsd</sublink>
			</link>
			<thumbnail>https://image.tmdb.org/t/p/w1280/siWpVZlD3pahKXNnV9M52yCMZJG.jpg</thumbnail>
			<fanart>https://image.tmdb.org/t/p/w1280/gP9C1wmbF2CV4SZkPbVvfawRuTv.jpg</fanart>
		</item>
		<item>
			<title>X-Men: Days of Future Past (2014)</title>
			<meta>
				<content>movie</content>
				<imdb>tt1877832</imdb>
				<title>X-Men: Days of Future Past</title>
				<year>2014</year>
			</meta>
			<link>
				<sublink>searchhd</sublink>
				<sublink>searchsd</sublink>
			</link>
			<thumbnail>https://image.tmdb.org/t/p/w1280/qKkFk9HELmABpcPoc1HHZGIxQ5a.jpg</thumbnail>
			<fanart>https://image.tmdb.org/t/p/w1280/5LBcSLHAtEIIgvNkA2dPmYH5wR7.jpg</fanart>
		</item>
		<item>
			<title>X: First Class (2011)</title>
			<meta>
				<content>movie</content>
				<imdb>tt1270798</imdb>
				<title>X: First Class</title>
				<year>2011</year>
			</meta>
			<link>
				<sublink>searchhd</sublink>
				<sublink>searchsd</sublink>
			</link>
			<thumbnail>https://image.tmdb.org/t/p/w1280/7SSm7BfzFoVzmd6fCDccj7qRxc8.jpg</thumbnail>
			<fanart>https://image.tmdb.org/t/p/w1280/39nstYsfjR6ggyKTtB4Joga2fs8.jpg</fanart>
		</item>
		<item>
			<title>Zero Dark Thirty (2012)</title>
			<meta>
				<content>movie</content>
				<imdb>tt1790885</imdb>
				<title>Zero Dark Thirty</title>
				<year>2012</year>
			</meta>
			<link>
				<sublink>searchhd</sublink>
				<sublink>searchsd</sublink>
			</link>
			<thumbnail>https://image.tmdb.org/t/p/w1280/yg6IDNucLAEj7E5loTyTnUW2pgb.jpg</thumbnail>
			<fanart>https://image.tmdb.org/t/p/w1280/zy5hyStEkQyjZgYtvKzJQBr7MpJ.jpg</fanart>
		</item>
	</wannabe>
</dipshit>