<?xml version="1.0" encoding="UTF-8" standalone="yes"?>
<addon id="context.surveillanceroom.play" name="Surveillance Room - Play Camera" version="1.0.2" provider-name="Maikito26">
  <requires>
    <import addon="xbmc.python" version="2.20.0"/>
  </requires>
  <extension point="kodi.context.item" library="default.py">
  <item>
    <label>Show Camera</label>
    <visible>System.HasAddon(plugin.video.surveillanceroom)</visible>    
  </item>
</extension>
  <extension point="xbmc.addon.metadata">
    <platform>all</platform>
    <summary>A context menu item that works with Surveillance Room - a full featured IP Camera viewer for up to 6 IP Cameras.</summary>
    <description>Choose from the settings how this will work, and play the camera in the view you want!</description>
    <disclaimer>This add-on is not affiliated with Foscam. This add-on will modify some settings on the camera itself such as motion and sound detection settings.</disclaimer>
    <forum>http://forum.kodi.tv/showthread.php?tid=240768</forum>
    <website>https://github.com/maikito26</website>
    <source>https://github.com/maikito26/context.surveillanceroom.togglepreview.git</source>
    <license>GNU GENERAL PUBLIC LICENSE. Version 2, June 1991</license>
  </extension>
</addon>
