<item>
	<title>[COLOR orange]211[/COLOR]</title>
	<meta>
		<content>movie</content>
		<imdb>tt4976192</imdb>
	</meta>
	<link>
		<sublink>http://dl6.dlsdm.ir/Movie/Foreign/Temporary/211.2018.1080p.WEB-DL.6CH.DibaMoviez.mkv</sublink>
		<sublink>https://cloud.mail.ru/public/12y8/2sGEFssbf</sublink>
		<sublink>http://bankupload.com/r20bzd878tsh/2-1-1.2018.720p.WEB-DL.DD5.1.H264-CMRG.mkv</sublink>
		<sublink>https://streamango.com/embed/todondbrfpfqfcsl</sublink>
		<sublink>https://uptobox.com/844jtz2zap1d</sublink>
		<sublink>search</sublink>
	</link>
	<thumbnail>https://image.tmdb.org/t/p/w600_and_h900_bestv2/raomiLDo4NQVEqsavlh7jgRnJOb.jpg</thumbnail>
</item>

<item>
	<title>[B][COLORlimegreen]Black Panther 4K HDR[/COLOR][/B]</title>
	<meta>
		<imdb>tt1825683</imdb>
		<content>movie</content>
		<title>Black Panther</title>
		<year>2018</year>
	</meta>
	<link>
		<sublink>http://uptobox.com/92rjhdto2lva</sublink>
		<sublink>https://1fichier.com/?sjm1jvbfb5(RD)</sublink>
	</link>
	<thumbnail>https://image.tmdb.org/t/p/w1280//uxzzxijgPIY7slzFvMotPv8wjKA.jpg</thumbnail>
	<fanart>https://image.tmdb.org/t/p/w1280//6ELJEzQJ3Y45HczvreC3dg0GV5R.jpg</fanart>
</item>

<item>
	<title>[B][COLORorange]Peter Rabbit 4K UHD (3 Parts)[/COLOR][/B]</title>
	<meta>
		<imdb>tt5117670</imdb>
		<content>movie</content>
		<title>Peter Rabbit</title>
		<year>2018</year>
	</meta>
	<link>
		<sublink>https://rapidgator.net/file/bf0d147b1feba68edd40352771897762/P.R.2018.INTERNAL.2160p.UHD.BluRay.X265-IAMABLE.part1.rar.html</sublink>
		<sublink>https://rapidgator.net/file/83927d3cf681d136eb641af190b76278/P.R.2018.INTERNAL.2160p.UHD.BluRay.X265-IAMABLE.part2.rar.html</sublink>
		<sublink>https://rapidgator.net/file/bac75faee660ef6ed608a0af90fbcb3e/P.R.2018.INTERNAL.2160p.UHD.BluRay.X265-IAMABLE.part3.rar.html</sublink>
	</link>
	<thumbnail>https://image.tmdb.org/t/p/w1280//2yjSvEDuM3rLDng40erLsWkQRfn.jpg</thumbnail>
	<fanart>https://image.tmdb.org/t/p/w1280//e9dVo1OXZL6sWinc9uIS0Foo4QG.jpg</fanart>
</item>

<item>
	<title>Jurassic World: Fallen Kingdom</title>
	<meta>
		<content>movie</content>
		<imdb>tt4881806</imdb>
		<title>Jurassic World: Fallen Kingdom</title>
		<year>2018</year>
	</meta>
	<link>
		<sublink>https://rapidgator.net/file/5bf8579ced44114e4edcee8fe4a03d85/J-W-H.2018.HDCAM.XViD.AC3-ETRG.avi.html(RD)</sublink>
		<sublink>https://openload.co/embed/kU9XR0YnDnw/Jurassic_World_-_Fallen_%282018%29.mp4</sublink>
		<sublink>search</sublink>
	</link>
	<thumbnail>https://image.tmdb.org/t/p/w1280//c9XxwwhPHdaImA2f1WEfEsbhaFB.jpg</thumbnail>
	<fanart>https://image.tmdb.org/t/p/w1280//t0Kn7twXduHeFhOpTW2Gncu9l5F.jpg</fanart>
</item>

<item>
	<title>Ocean's 8</title>
	<meta>
		<content>movie</content>
		<imdb>tt5164214</imdb>
		<title>Ocean's 8</title>
		<year>2018</year>
	</meta>
	<link>
		<sublink>https://openload.co/embed/RdoJNGvEkks/Oceans_8_%282018%29.mp4</sublink>
		<sublink>search</sublink>
	</link>
	<thumbnail>https://image.tmdb.org/t/p/w1280//7caaqQjTkovwoZsEOPzgHvkzOWB.jpg</thumbnail>
	<fanart>https://image.tmdb.org/t/p/w1280//h7L0fqwCHfJOYe7cQG2rAMhlfHh.jpg</fanart>
</item>

<item>
	<title>[COLOR darkmagenta]Jumanji[/COLOR] [COLOR blue]Welcome to the Jungle[/COLOR]</title>
	<meta>
		<imdb>tt2283362</imdb>
		<content>movie</content>
		<title>Jumanji: Welcome to the Jungle</title>
		<year>2017</year>
	</meta>
	<link>
		<sublink>https://rapidgator.net/file/74fbca7ee75c1056c0fa7d1b601e747d/jumanji.welcome.to.the.jungle.2017.bdrip.x264-sparks.mkv.html(RD)</sublink>
	    <sublink>https://loadvid.online/embed/5ae0d7048f745</sublink>
		<sublink>https://c-flamingo.betterstream.co/playback/59/82/e398b7bdda147cbf837d7ee266b683686b1063bdb8d543c93b659ce45fac8e5d1abf84366d5bf8ce72f11b2caf9e9768238cd74457bf17697f1540d2be559f1225a32643e125eb57aace8b4a97610642/Jumanji.Welcome.to.the.Jungle.2017.720p.BluRay.H264.AAC-RARBG.mp4?q=720</sublink>
		<sublink>https://streamango.com/f/tmnpfdfoaerffrmn/jwttj_2017_720p_bluray_x264-sparks_mkv_mp4</sublink>
		<sublink>search</sublink>
	</link>
	<thumbnail>https://image.tmdb.org/t/p/w1280//bXrZ5iHBEjH7WMidbUDQ0U2xbmr.jpg</thumbnail>
	<fanart>https://image.tmdb.org/t/p/w1280//rz3TAyd5kmiJmozp3GUbYeB5Kep.jpg</fanart>
</item>

<item>
	<title>[B][COLORlimegreen]Braveheart[/COLOR][/B]</title>
	<meta>
		<imdb>tt0112573</imdb>
		<content>movie</content>
		<title>Braveheart</title>
		<year>1995</year>
	</meta>
	<link>
		<sublink>https://streamango.com/embed/pdblfenesfakpfal</sublink>
		<sublink>https://openload.co/f/pejqdWR-oE0</sublink>
		<sublink>https://openload.co/f/Ysg764cCHhw/Braveheart_1995_720p_BrRip_x264_YIFY.mp4</sublink>
		<sublink>search</sublink>
	</link>
	<thumbnail>https://image.tmdb.org/t/p/w1280//2qAgGeYdLjelOEqjW9FYvPHpplC.jpg</thumbnail>
	<fanart>https://image.tmdb.org/t/p/w1280//7A3uAcB6KAScHcFw0giptE1mhAZ.jpg</fanart>
</item>

<item>
	<title>[B][COLORorange]The Jungle Bunch[/COLOR][/B]</title>
	<meta>
		<imdb>tt6314690</imdb>
		<content>movie</content>
		<title>The Jungle Bunch</title>
		<year>2017</year>
	</meta>
	<link>
		<sublink>https://rapidgator.net/file/0a0517dd450687b5b4ad0b12919afd1b/The.Jungle.Bunch.2017.BDRip.XviD.AC3-EVO.avi.html(RD)</sublink>
		<sublink>https://rapidgator.net/file/476af26a3da5c4f7f0d4a0b803086396/t-j-b2017.BDRip.XviD.AC3-EVO.avi.html(RD)</sublink>
		<sublink>search</sublink>
	</link>
	<thumbnail>https://image.tmdb.org/t/p/w1280//771CzGEt3sforEIBuVliKfQz7Md.jpg</thumbnail>
	<fanart>https://image.tmdb.org/t/p/w1280//l5ePjLvjBgga4cUK4EaSvxE3pJz.jpg</fanart>
</item>

<item>
	<title>[B][COLORorange]Incoming[/COLOR][/B]</title>
	<meta>
		<imdb>tt6678874</imdb>
		<content>movie</content>
		<title>Incoming</title>
		<year>2018</year>
	</meta>
	<link>
		<sublink>https://rapidgator.net/file/2e84856eb745485b6d16227c1a6be2ce/TwoDDL_Incoming.2018.1080.WEB-DL.DD5.1.H264-CMRG.mkv.html(RD)</sublink>
		<sublink>https://rapidgator.net/file/13a64c62608bb97a88d9e82912c904ab/TwoDDL_Incoming.2018.720.WEB-DL.DD5.1.H264-CMRG.mkv.html(RD)</sublink>
		<sublink>search</sublink>
	</link>
	<thumbnail>https://image.tmdb.org/t/p/w1280//gb21lRTWA6uo1IdIIYotPCHHUP9.jpg</thumbnail>
	<fanart>https://image.tmdb.org/t/p/w1280//eIlAKDRlKN3doj4R6OG4UEzD6jI.jpg</fanart>
</item>

<item>
	<title>[B][COLORlimegreen]Sherlock Gnomes (RD)[/COLOR][/B]</title>
	<meta>
		<imdb>tt2296777</imdb>
		<content>movie</content>
		<title>Sherlock Gnomes</title>
		<year>2018</year>
	</meta>
	<link>
		<sublink>https://rapidgator.net/file/d8a9b3e14b9dde5c7053a694930bca2f/TwoDDL_TwoDDLSherlock.Gnomes.2018.1080-GECKOS.mkv.html(RD)</sublink>
		<sublink>https://openload.co/f/av1ZwD0aLfk/Sherlock.Gnomes.2018.1080p.BluRay.x264-GECKOS.mkv</sublink>
	</link>
	<thumbnail>https://image.tmdb.org/t/p/w1280//xHdf2wRgCSp9MrZRryikiZIH6jB.jpg</thumbnail>
	<fanart>https://image.tmdb.org/t/p/w1280//dmbD8FDr6DDdinGEs14HC2FmY2w.jpg</fanart>
</item>

<item>
	<title>[B][COLORorange]Tad the Lost Explorer and the Secret of King Midas[/COLOR][/B]</title>
	<meta>
		<imdb>tt3896102</imdb>
		<content>movie</content>
		<title>Tad the Lost Explorer and the Secret of King Midas</title>
		<year>2017</year>
	</meta>
	<link>
		<sublink>https://rapidgator.net/file/b8f41e64d958c834902499d700e12063/TwoDDL_TwoDDLsnow-tad.the.lost.explorer.and.the.secret.of.king.midas.2017.1080.mkv.html(RD)</sublink>
		<sublink>http://nitroflare.com/view/CC761CC006EF1C5/TwoDDL_TwoDDLsnow-tad.the.lost.explorer.and.the.secret.of.king.midas.2017.1080.mkv(RD)</sublink>
		<sublink>search</sublink>
	</link>
	<thumbnail>https://image.tmdb.org/t/p/w1280//7WtFoWtGp45PLNmajM8iGtjAA7B.jpg</thumbnail>
	<fanart>https://image.tmdb.org/t/p/w1280//AsFLWRkMTWLdp9niddXarc6Epc7.jpg</fanart>
</item>

<item>
	<title>[B][COLORlimegreen]Tomb Raider[/COLOR][/B] [B][COLORred]First Link FULLHD[/COLOR][/B]</title>
	<meta>
		<imdb>tt1365519</imdb>
		<content>movie</content>
		<title>Tomb Raider</title>
		<year>2018</year>
	</meta>
	<link>
		<sublink>http://bit.ly/2J9UGFx</sublink>
		<sublink>https://rapidgator.net/file/9e91550ec7d4e8dfa3bfeed6dd0b7bea/T.R.2018.1080p.WEB-DL.H264.AC3-EVO.mkv.html(RD)</sublink>
		<sublink>http://nitroflare.com/view/0FE1D4BE8AEB480/T.R.2018.1080p.WEB-DL.H264.AC3-EVO.mkv(RD)</sublink>
		<sublink>https://rapidgator.net/file/9a96acc3fe6fee7f7292e33b5714b59d/Tomb.Raider.2018.HDRip.AC3.X264-CMRG.mkv.html(RD)</sublink>
		<sublink>search</sublink>
	</link>
	<thumbnail>https://image.tmdb.org/t/p/w1280//ePyN2nX9t8SOl70eRW47Q29zUFO.jpg</thumbnail>
	<fanart>https://image.tmdb.org/t/p/w1280//bLJTjfbZ1c5zSNiAvGYs1Uc82ir.jpg</fanart>
</item>

<item>
	<title>[B][COLORorange]Pacific Rim: Uprising[/COLOR][/B]</title>
	<meta>
		<imdb>tt2557478</imdb>
		<content>movie</content>
		<title>Pacific Rim: Uprising</title>
		<year>2018</year>
	</meta>
	<link>
		<sublink>https://rapidgator.net/file/7ad4535e2b7ef4123d38bf8f8e21f1c3/HD-Download.com__0899367688536.mp4.html(RD)</sublink>
		<sublink>https://1fichier.com/?fas34h8ga0(RD)</sublink>
		<sublink>https://uptobox.com/m1vgt3wu90e8(RD)</sublink>
		<sublink>search</sublink>
	</link>
	<thumbnail>https://image.tmdb.org/t/p/w1280//v5HlmJK9bdeHxN2QhaFP1ivjX3U.jpg</thumbnail>
	<fanart>https://image.tmdb.org/t/p/w1280//mo5EJsExrQCroqPDwUwp6jeq0xS.jpg</fanart>
</item>

<item>
	<title>[B][COLORlimegreen]Early Man[/COLOR][/B]</title>
	<meta>
		<imdb>tt4701724</imdb>
		<content>movie</content>
		<title>Early Man</title>
		<year>2018</year>
	</meta>
	<link>
		<sublink>http://bit.ly/2GuGc10</sublink>
		<sublink>https://1fichier.com/?sgenivden5(RD)</sublink>
		<sublink>https://1fichier.com/?8vi503jolu(RD)</sublink>
		<sublink>https://streamango.com/f/dkntedtfqclcmeca/E_M_2018_1080p_READNFO_HDRip_X264_AC3-EVO_mkv_mp4</sublink>
		<sublink>search</sublink>
	</link>
	<thumbnail>https://image.tmdb.org/t/p/w1280//hXukFwTKOe7izDsf3ZOdeYikRxF.jpg</thumbnail>
	<fanart>https://image.tmdb.org/t/p/w1280//jyvWcB4PH1BSPo82t4h8sU4wr2a.jpg</fanart>
</item>

<item>
	<title>[B][COLORorange]The Lost Viking[/COLOR][/B]</title>
	<meta>
		<imdb>tt6413868</imdb>
		<content>movie</content>
		<title>The Lost Viking</title>
		<year/>
	</meta>
	<link>
		<sublink>https://rapidgator.net/file/c9e062ce347e9352d0f713a53e3f9ea0/T-L-V.2018.1080p_WEB-DL_DD5.1_H264-CMRG.mkv.html(RD)</sublink>
		<sublink>http://nitroflare.com/view/0AFF2D77CF5C5A6/T-L-V.2018.1080p_WEB-DL_DD5.1_H264-CMRG.mkv(RD)</sublink>
		<sublink>http://nitroflare.com/view/72ABB57B9A03C9E/The.Lost.Viking.2018.WEB-DL.x264-FGT.www.RapidMovieZ.com.mp4(RD)</sublink>
		<sublink>http://fs05.clicknupload.net:182/d/fo5zffyklvyd7tr7qtfibmkjd66667yx7i5itazpu4hbilftw7af2xkajpmfucuunu5hcdh4/The.Lost.Viking.2018.WEB-DL.x264-FGT.www.RapidMovieZ.com.mp4</sublink>
		<sublink>search</sublink>
	</link>
	<thumbnail>https://image.tmdb.org/t/p/w1280//iEazqSEaDAkiMGYeXLWKG0Iiwpq.jpg</thumbnail>
	<fanart/>
</item>

<item>
	<title>[B][COLORlimegreen]Future World[/COLOR][/B]</title>
	<meta>
		<imdb>tt5737536</imdb>
		<content>movie</content>
		<title>Future World</title>
		<year>2018</year>
	</meta>
	<link>
		<sublink>https://rapidgator.net/file/5e4056e3706c0824dc6667265ed13538/HD-Download.com__9430587346362.avi.html(RD)</sublink>
		<sublink>https://1fichier.com/?1wmo8wo5eb(RD)</sublink>
		<sublink>search</sublink>
	</link>
	<thumbnail>https://image.tmdb.org/t/p/w1280//kMA0IalnEEa0PaHRUzzjpTu5xXQ.jpg</thumbnail>
	<fanart>https://image.tmdb.org/t/p/w1280//g29nhwmOiYElKW27hzohK6nSwpC.jpg</fanart>
</item>

<item>
	<title>[B][COLORorange]Death Wish[/COLOR][/B]</title>
	<meta>
		<imdb>tt1137450</imdb>
		<content>movie</content>
		<title>Death Wish</title>
		<year>2018</year>
	</meta>
	<link>
		<sublink>http://79.127.127.112/sr1/mari/97/3/Death.Wish.2018.1080p.6CH.MkvCage.Tehmovies.mkv</sublink>
		<sublink>https://rapidgator.net/file/03c3c4e1b06d26d302430be198c73d3e/HD-Download.com__3660264065144.mkv(RD)</sublink>
		<sublink>https://rapidgator.net/file/c30dd4086c7e098f850c59992c4a9bab/D.W.2018.HDRip.AC3.X264-CMRG.35929.mkv(RD)</sublink>
		<sublink>search</sublink>
	</link>
	<thumbnail>https://image.tmdb.org/t/p/w1280//rxPghSvLbWCUjLplxkkcPMahbsz.jpg</thumbnail>
	<fanart>https://image.tmdb.org/t/p/w1280//uQqQvmptJLPTcWDrZXn22p7j7s3.jpg</fanart>
</item>

<item>
	<title>[B][COLORlimegreen]Father Figures[/COLOR][/B]</title>
	<meta>
		<imdb>tt1966359</imdb>
		<content>movie</content>
		<title>Father Figures</title>
		<year>2017</year>
	</meta>
	<link>
		<sublink>https://rapidgator.net/file/5b1fbf7537266ae0e986c78e419e57b8/father.figures.2017.1080p.bluray.x264-geckos.mkv.html(RD)</sublink>
		<sublink>http://www.filefactory.com/file/1f8rziebkwwn/father.figures.2017.bdrip.x264-geckos.mkv(RD)</sublink>
		<sublink>search</sublink>
	</link>
	<thumbnail>https://image.tmdb.org/t/p/w1280//avRiH6kbsw3Wxi1J7857alb9yyt.jpg</thumbnail>
	<fanart>https://image.tmdb.org/t/p/w1280//xfZZ0Dk2bOxOz1C8T8OQVRGGGIq.jpg</fanart>
</item>